ehars_uid,geno_seq_clean,document_uid,lab_seq,lab_test_cd,seq_length,sample_dt,clia_labname
88535525,CCTCAGATCACTCTTTGGCAACGACCCCTCGTCACAATAAAGATAGGGGGGCAGCTAAAGGAAGCTCTATTAGATACAGGAGCAGATGATACAGTATTAGARGAAATGAATTTGCCAGGAAGATGGAAACCAAAAATGATAGGGGGAATTGGAGGTTTTATCAAAGTAAGACAGTATGATCAGATAYCCATAGAAATCTGTGGRCATAAAGCTATAGGTACAGTATTAGTAGGACCTACACCTGTCAACATAATTGGAAGAAATCTGTTGACTCAGATTGGKTGCACTTTAAATTTTCCCATWAGTCCTATTGAAACTGTACCAGTAAAATTAAAGCCAGGAATGGATGGCCCAARAGTTAAACAATGGCCATTGACAGAAGAAAAAATAAAAGCATTARTAGAAATTTGTACAGAAMTGGAARAKGAAGGRAAAATTTCAAAAATTGGGCCTGAAAATCCATACAATACTCCAGTATTTGCYATAAAGAAAAAAGACAGTACTAAATGGAGGAAATTAGTAGATTTCAGAGAACTTAATAAGAGAACTCAAGACTTCTGGGAAGTYCAATTAGGAATACCACATCCCGCAGGRTTAAAACAGAAAAAATCAGTAACAGTACTGGATGTGGGTGATGCATATTTYTCAGTTCCCTTAGATAAAGAKTTCAGGAAGTATACTGCATTTACCATACCTAGTATAAACAATGAGACACCAGGGATTAGRTATCAGTACAATGTGCTTCCACARGGATGGAAAGGATCACCAGCAATATTYCAATGTAGCATGACAAAAATCTTAGAGCCYTTTAGAARACAAAATCCAGAAATAGTTATCTATCAATACATGGATGATTTRTATGTAGGATYWGACTTAGAAATAGGGCAGCATAGAACAAAAATAGAGGAACTGAGACAACATCTGTTGAGGTGGGGRTTTRMCACACCAGACAAAAARCATCAGAAAGAACCTCCATTCCTYTGGATGGGTTATGAACTCCATCCTGATAAATGGACAGTACAGCCTATAGTGCTGCCAGAAAARGACAGCTGGACTGTCAATGACATACAGAAGTTAGTGGGAAAATTAAATTGGGCAAGYCAGATTTACSCAGGGATWAAAGTAAGRCAATTATGTAAACTCCTTAGGGGAACCAAAGCACTAACAGAAGTAATACCACTAACAGAAGAAGCAGAGCTAGAACTGGCAGAAAACAGGGAGATTCTAAAAGAGCCAGTRCATGGAGTGTAYTAT,667,976,EC-020,1254,20200801,ttuk1324
28059365,CCTCAGATCACTCTTTGGCAGCGACCCCTCGTCACAATAAAGATAGAGGGGCAACTAAAGGAAGCTCTATTAGATACAGGAGCAGATGATACAGTATTAGAAGAAATGAATTTGACAGGAAGATGGAAACCAAAAATGATAGGGGGAATTGGAGGTTTTATCAAAGTAAGACAGTATGATCAGATACTTGTAGAAATCTGTGGATATAAAGCTAGAGGTACAGTGTTAATAGGACCTACACCTATCAACATAATTGGAAGAAATCTGTTGACTCAGATTGGTTGCACTTTAAATTTTCCCATTAGTCCTATTGAAACTGTACCAGTAAAATTAAAGCCAGGAATGGATGGCCCAAAAGTTAAACAATGGCCATTGACAGAAGAAAAAATAAAAGCATTAATAGAAATTTGTACAGAAATGGAAAAGGAAGGAAAAATTTCAAAAATTGGGCCTGAAAATCCATACAATACTCCAGTATTTGCCATAAAGAAAAAAGACAGTACTAAATGGAGAAAATTAGTAGACTTCAGGGAACTTAATAAGAGAACTCAAGACTTCTGGGAAGTTCAATTAGGAATACCACATCCATCAGGGTTAAAAAAGAAAAAATCAGTAACAGTACTGGAKGTGGGTGATGCATATTTTTCAGTTCCCTTAGACAAGGACTTCAGGAAGTATACAGCATTTACTATACCTAGTGTAAACAATGAGACACCAGGGATTAGATATATGTACAATRTGCTCCCACAGGGATGGAAAGGATCACCAGCAATRTTCCAAAGTAGCATGACAAAAATCTTAGAACCTTTTAGAAAACAAAATCCAGACATAGTTATCTATCAATACGTGGATGATTTGTATGTAGGATCTGACTTAGAAATAGGGCAGCACAGAACAAAAATAGAGGAACTGAGACAACATTTGTTGAAGTGGGGGTTTACCACACCAGACAAAAAACATCAGAAGGAACCTCCATTCCTTTGGATGGGTTATGAACTCCATCCTGATAAATGGACAGTACAGCCTATAGTGCTGCCAGAAAAAGACAGCTGGACTGTCAATGACGTACAGAAGTTAGTGGGAAAATTGAATTGGGCAAGTCAGATTTATGCAGGGATTAAAGTAAAGCAATTATGTAAACTCCTTAGGGGAGCCAAATCACTAACAGAAGTAATACCACTAACAGAAGAAGGAGAGCTAGAACTGGCAGAA,315,396,EC-020,1212,20200801,bfto9673
57612376,CCTCAGATCACTCTTTGGCAACGACCCCTYGTCACAATAAAGATAGAGGGGCAACTAAAGGAAGCTCTATTAGATACAGGAGCAGATGATACAGTATTAGAAGAAATGAATTTGACAGGAAGRTGGAAACCAAAAATGATAGGGGGAATTGGAGGTTTTATCAAAGTAAGACAGTATGATCAGATACTTGTAGAAATCTGTGGATATAAAGCTAGAGGTACAGTGTTAATAGGACCTACACCTGTCAACATAATTGGAAGAAATCTGTTGACTCAGATTGGTTGCACTTTAAATTTTCCCATTAGTCCTATTGAAACTGTACCAGTAAAATTAAAGCCAGGAATGGATGGSCCAARAGTTAAACAATGGCCATTGACAGAAGAAAAAATAAAAGCATTAGTAGAAATTTGTRCAGAAATGGAAAAGGAAGGGAAAATTTCAAAAATTGGRCCTGAAAATCCATACAATACTCCARTATTTGCCATAAAGAAAAAAGACAGTACTAAATGGAGAAAATTRGTAGATTTCAGAGAACTTAATAAGAGAACTCAAGACTTCTGGGAAGTTCARTTAGGAATACCACATCCCKCAGGGTTRAAAAAGAAAAARTCAGTAACAGTRCTGGATGTGGGTGATGCATATTTYTCAGTTCCCTTAGAYAAGGACTTCAGGAAGTAYACAGCATTTACYATACCTAGTGTAAACAATGAGACACCAGGGATTAGATWTRTGTACAATGTGCTYCCACAGGGATGGAAAGGATCACCAGCAATATTYCAAAGTAGCATGACAAAAATCTTAGARCCTTTTAGAAAACAAAATCCAGACATAGTTATCTATCAATACATGGATGATTTGTATGTAGGATCTGACTTAGAAATAGGGCAGCACAGAACAAAAATAGAGGAACTGAGACAACATYTGTTGAAGTGGGGRTTTACCACACCAGACAAAAAACATCAGAAAGAACCTCCATTCCTATGGATGGGTTATGAACTCCATCCTGAYAAATGGACAGTACAGCCTATAGTGCTGCCAGAAAAAGACAGCTGGACTGTCAATGACATACAGAAGTTAGTGGGAAAATTGAATTGGGCAAGTCAGATTTATGCAGGGATTAAAGTAAAGCAATTATGTAAACTCCTTAGGGGAGCCAAAKCRCTAACAGAAGTAATACCACTAACAGAAGAGGCAGAGCTAGAACTAGCAGAAAACAGRGAAATTCTAAAGGAACCAGTACATGGAGTGTATTATGACCCATCAAAAGAMYTGATAGCAGAAGTACARAAGCARGGGCAAGGCCAATGGACATATCAARTTTATCARGAGCCATTTAAAAATCTGAAGACAGGAAARTATGCAAGAATGAGGGGTGCCCACACTAATGATGTAAAACAATTAACAGAGGTAGTGCAAAAAATAGCCACAGAAAGCATAGTAATATGGGGAAAGACTCCTAAATTTAGACTACCCATACAAARAGAAACATGGGAYGCA,218,644,EC-020,1497,20200801,yoby3341
46088747,CCTCAGATCACTCTTTGGCAACGACCCATCGTCACAATAAAGATAGGGGGGCAACTAAAAGAAGCTCTAATAGATACAGGAGCAGATGATACAGTATTAGAAGAAATGAATTTGCCAGGAAGATGGAAGCCAAAAATAATAGGGGGAATTGGAGGTTTTGTCAAAGTAAGAGAGTATGATCAGATASCCATAGAAATCTGTGGACATAAAGTTATAGGTACAGTATTAGTAGGACCTACACCTGCCAACATAATTGGAAGAAATCTGTTGACTCAGCTTGGTTGCACTTTAAATTTTCCCATTAGTCCTATTGAAACTGTACCAGTAAAATTAAAGCCAGGAATGGATGGCCCAAAGATTAAACAATGGCCATTGACAGAAGAAAAAATAAAAGCATTAACAGAAATTTGTACAGAAATGGAAAAGGAAGGGAAAATTTCAAAAATTGGGCCTGAAAACCCATATAATACTCCAATATTTGCCATAAAGAAAAAAGACAGTACTAAATGGAGAAAATTAGTAGACTTCAGAGAACTTAATAAGAAAACTCAAGACTTCTGGGAAATTCAATTAGGAATACCACACCCAGCAGGGTTAAAAAAGAAGAAATCAGTAACAGTACTAGATGTGGGTGATGCATATTTTTCAGTTCCCTTAGATAAAGACTTCAGGAAGTATACTGCATTTACCATACCTAGTACAAATAATGAGACACCAGGGATTAGATATCAGTACAATGTGCTTCCACAGGGATGGAAAGGATCACCAGCAATATTTCAAGCTAGCATGACAAAAATCTTAGAGCCTTTTAGGAAACAAAATCCAGACATAGTTATCTATCAATACGTGGATGACTTGTATGTAGGATCTGACTTAGAGATAGGGCAGCATAGARCAAAAATAGAGGAACTGAGACAACATCTATTGAGGTGGGGATTTTACACACCAGACAAAAAACATCAGAAAGAACCTCCATTCCTTTGGATGGGTTATGAACTCCATCCTGATAAATGGACAGTGCAGCCTATAGAGCTGCCAGAAAAAGACAGCTGGACAGTCAATGACATACAGAAATTAGTAGGGAAGTTGAATTGGGCAAGTCAGATTTATGCAGGGATTAAAGTAAAGCAATTATGCAAACTCCTTAGGGGAGCCAAAGCACTAACAGAAGTAATACCTCTATCAAAGGAAGCAGAACTAGAACTGGCAGAAAACAGGGAAATTTTAAAGGAGCCAGTACATGGAGTGTATTATGACCCATCAAAAGACTTAATAGCAGAGATACAGAAGCAAGGGCACGGCCAATGGACATATCAAATTTATCAAGAGCCATTTAAGAATCTGAAAACAGGAAAATATGCAAGAATGAGGGGTGCCCACACGAATGATGTAAAACAATTAACAGAGGCAGTGCAAAAAATAGCATTAGAAGCCATAGTAATATGGGGAAAGACCCCTAAATTTAGACTGCCCATACAAAAGGAAACATGG,230,995,EC-020,1491,20200801,ffjs6155
83609489,CCTCAGATCACTCTTTGGCAACGACCCCTCGTCACAGTAAAARTAGGGGGGCAACTAAAGGAAGCTCTATTAGATACAGGAGCAGATGATACAGTATTAGAAGAAATGAATTTGCCAGGAAGATGGAAGCCAAAAATGATAGGGGGAATTGGAGGTTTTATCAAAGTAAGACAGTATGATCAGATAGCCATAGAAATCTGTGGACATAAAGCTATAGGTACAGTATTAGTAGGACCTACACCTGTCAACATAATTGGAAGAAATCTGTTGACTCAGATTGGTTGCACTTTAAATTTTCCCATTAGTCCTATTGAAACTGTACCAGTAAAATTAAAGCCAGGAATGGATGGCCCAAAGGTTAAACAATGGCCATTGACAGAAGAAAAAATAAAAGCATTAACAGAAATTTGTACAGAAATGGAAAAGGAAGGAAAAATTTCAAAAATTGGGCCTGAAAACCCATATAATACTCCAATATTTGCCATAAAGAARAAAGACAGTACTAAATGGAGAAAATTAGTAGACTTCAGAGAACTTAATAAGAAAACTCAAGACTTCTGGGAAGTTCAATTAGGAATACCACACCCCGCAGGGTTAAAAAAGAAGAAATCAGTAACAGTACTAGATGTRGGTGATGCATATTTTTCAGTTCCCTTAGATAAAGATTTCAGGAAGTATACYGCATTCACCATACCTAGTATAAACAATGAGACACCAGGGATTAGATATCAGTACAATGTGCTTCCACAGGGATGGAAAGGATCACCAGCAATATTTCAAGCTAGCATGACAAAAATCTTAGAGCCCTTTAGGAAACAAAATCCAGACATAGTTATCTATCAATACATGGATGACTTGTATGTAGGATCAGACTTAGAGATAGGGCAGCATAGAACAAAAATAGAGGAACTGAGACAACATCTGTTGAGGTGGGGATTTACCACACCAGACAAAAAACATCAGAAAGAACCCCCATTCCTCTGGATGGGTTATGAACTCCATCCTGATAAATGGACAGTGCAGCCTATAGAGCTGCCAGAAAAAGACAGTTGGACAGTCAATGATATACAGAAATTAGTAGGAAAGTTGAATTGGGCAAGTCAGATTTATGCAGGGATTAAAGTAAAGCAATTATGTAAACTCCTTAGGGGAGCCAAAGCACTAACAGAAGTAATACCTCTATCAGAAGAAGCAGAACTAGAACTGGCAGAAAACAGGGAGATTCTAAAAGAGCCAGTACATGGAGTGTATTATGACCCATCAAAAGACTTAATAGCAGAAATACAGAAGCAAGGGCACGGCCAATGGACATATCAAATTTATCAAGAGCCATTTAAGAATCTGAAAACAGGAAAATATGCAAGAATGAGGGGTGCCCACACTAATGATGTAAAGCAATTAACAGAGGCAGTGCAAAAAATAGCATTAGAAGCCATAGTAATATGGGGAAAGACCCCTAAATTTAGACTGCCCATACAAAAGGAAACATGGGAAACA,459,663,EC-020,1497,20200801,tkcv2419
60221793,CCTCAGATCACTCTTTGGCAACGACCCCTCGTCACAATAAAAGTAGGGGGGCAACTAAAGGAAGCTCTATTAGATACAGGAGCAGATGATACAGTATTAGAAGAAATGAATTTGCCAGGAAGATGGAAGCCAAAAATGATAGGGGGAATTGGAGGTTTTATCAAAGTAAGACAGTATGATCAGATAGCCATAGAAATCTGTGGACATAAAGCTATAGGTACAGTATTAGTAGGACCTACACCTGTCAACATAATTGGAAGAAATCTGTTGACTCAGATTGGTTGCACTTTAAATTTTCCCATTAGTCCTATTGAAACTGTACCAGTAAAATTAAAGCCAGGAATGGATGGCCCAAAGGTTAAACAATGGCCATTGACAGAAGAAAAAATAAAAGCATTAACAGAAATTTGTACAGAAATGGAAAAGGAAGGAAAAATTTCAAAAATTGGGCCTGAAAACCCATATAATACTCCAATATTTGCCATAAAGAAGAAAGACAGTACTAAATGGAGAAAATTAGTAGACTTCAGAGAACTTAATAAGAAAACTCAAGACTTCTGGGAAGTTCAATTAGGAATACCACACCCCGCAGGGTTAAAAAAGAAGAAATCAGTAACAGTACTAGATGTGGGTGATGCATATTTTTCAGTTCCCTTAGATAAAGACTTCAGGAAGTATACTGCATTCACCATACCTAGTATAAACAATGAGACACCAGGGATTAGATATCAGTACAATGTGCTTCCACAGGGATGGAAAGGATCACCAGCAATATTTCAAGCTAGCATGACAAAAATCTTAGAGCCCTTTAGGAAACAAAATCCAGACATAGTTATCTATCAATACATGGATGACTTGTATGTAGGATCAGACTTAGAGATAGGGCAGCATAGAACAAAAATAGAGGAACTGAGACAACATCTGTTGAGGTGGGGATTTACCACACCAGACAAAAAACATCAGAAAGAACCCCCATTCCTCTGGATGGGTTATGAACTCCATCCTGATAAATGGACAGTGCAGCCTATAGAGCTGCCAGAAAAAGACAGTTGGACAGTCAATGATATACAGAAATTAGTAGGAAAGTTGAATTGGGCAAGTCAGATTTATGCAGGGATTAAAGTAAAGCAATTATGTAAACTCCTTAGGGGAGCCAAAGCACTAACAGAAGTAATACCTCTATCAGAAGAAGCAGAACTAGAACTGGCAGAAAACAGGGAGATTCTAAAAGAGCCAGTACATGGAGTGTATTATGACCCATCAAAAGACTTAATAGCAGAAATACAGAAGCAAGGGCACGGCCAATGGACATACCAAATTTATCAAGAGCCATTTAAGAATCTGAAAACAGGAAAATATGCAAGAATGAGGGGTGCCCACACTAATGATGTAAAGCAATTAACAGAGGCAGTGCAAAAAATAGCATTAGAAGCCATAGTAATATGGGGAAAGACCCCTAAATTTAGACTGCCCATACAAAAGGAAACATGGGAAACA,264,124,EC-020,1497,20200801,pzeu2655
54127121,CCTCAGATCACTCTTTGGCAACGACCCATCGTCACAATAAAGATAGGGGGGCAACTAAAAGAAGCTCTAATAGATACAGGAGCAGATGATACAGTATTAGAAGAAATGAATTTGCCAGGAAGATGGAAGCCAAAAATAATAGGGGGAATTGGAGGTTTTGTCAAAGTAAGAGAGTATGATCAGATACCCATAGAAATCTGTGGACATAAAGTTATAGGTACAGTATTAGTAGGACCTACACCTGCCAACATAATTGGAAGAAATCTGTTGACTCAGCTTGGTTGCACTTTAAATTTTCCCATTAGTCCTATTGAAACTGTACCAGTAAAATTAAAGCCAGGAATGGACGGCCCAAAGATTAAACAATGGCCATTGACAGAAGAAAAAATAAAAGCATTAACAGAAATTTGTACAGAAATGGAAAAGGAAGGGAAAATTTCAAAAATTGGGCCTGAAAACCCATATAATACTCCAATATTTGCCATAAAGAAAAAAGACAGTACTAAATGGAGAAAATTAGTAGACTTCAGAGAACTTAATAAGAAAACTCAAGACTTCTGGGAAGTTCAATTAGGAATACCACACCCAGGAGGGTTAAAAAAGAAGAAATCAGTAACAGTACTAGATGTGGGTGATGCATATTTTTCAGTTCCCTTAGATAAAGACTTCAGGAAGTATACTGCATTTACCATACCTAGTACAAATAATGAGACACCAGGGATTAGATATCAGTACAATGTGCTTCCACAGGGATGGAAAGGATCACCAGCAATATTTCAAGCTAGCATGACAAAAATCTTAGAGCCTTTTAGGAAACAAAATCCAGACATAGTTATCTATCAGTACGTGGATGACTTGTATGTAGGATCTGACTTAGAGATAGGGCAGCATAGAACAAAAATAGAGGAACTGAGACAACATCTATGGAGGTGGGGATTTTACACACCAGACAAAAAACATCAGAAAGAACCTCCATTCCTTTGGATGGGTTATGAACTCCATCCTGATAAATGGACAGTGCAGCCTATAGAGCTGCCAGAAAAAGACAGCTGGACAGTCAATGACATACAGAAATTAGTAGGGAAGTTGAATTGGGCAAGTCAGATTTATGCAGGGATTAAAGTAAAGCAATTATGCAAACTCCTTAGGGGAGCCAAAGCACTAACAGAAGTAATACCTCTATCAAAGGAAGCAGAACTAGAACTGGCAGAAAACAGGGAAATTTTAAAGGAGCCAGTACATGGAGTGTATTATGACCCATCAAAAGACTTAATAGCAGAGATACAGAAGCAAGGGCACGGCCAATGGACATATCAAATTTATCAAGAGCCATTTAAGAATCTGAAAACAGGAAAATATGCAAAAATGAGGAGTGCCCACACGAATGATGTAAAACAATTAACAGAGGYAGTGCAAAAAATAGCATTAGAAGCCATAGTAATATGGGGAAAGACCCCTAAATTTAGACTGCCCATACAAAAGGAAACA,146,545,EC-020,1488,20200801,acav1685
67192514,CCTCAGATCACTCTTTGGCAACGACCCCTCGTCACAATAAAGGTAGGGGGGCAAKYAAAGGAAGCTCTACTAGATACAGGAGCAGATGATACAGTATTAGAAGAAATGGATTTGCCAGGAAGATGGAAACCAAAAATGATAGGGGGAATTGGAGGTTTTATTAAAGTAAGACAGTATGATCAGATACACATAGAAATCTGTGGACATAAAGCTATAGGTACAGTATTAGTAGGACCCACACCTGTCAACATAATTGGAAGAAATYTGTTGACCCAGATTGGTTGCACTTTAAATTTTNNNNNCCCATTAGTCCTATTGACACTGTACCAGTAAAACTAAAGCCAGGAATGGATGGCCCAAAAGTCAAACAATGGCCATTAACAGAAGAAAAAATAAAAGCATTAATAGAAATTTGTACAGAAATGGAAAAGGAAGGAAAAATTTCAAAAATTGGGCCTGAAAATCCATACAATACTCCAGTATTTGCCATAAGGAAAAAAGACAGTACCAAATGGAGAAAATTAGTAGATTTCAGAGAACTTAATAAGAGAACTCAAGATTTTTGGGAAGTTCAATTAGGAATACCACATCCCGCAGGGTTAAAAARGAAAAAATCAGTAACAGTACTAGATGTAGGTGATGCATATTTTTCAGTTCCCTTAGATAAAGAGTTCAGGAAGTATACTGCATTTACCATACCTAGTACAAACAATGAGACACCAGGGATTAGATATCAGTACAATGTGCTGCCACAAGGATGGAAAGGATCACCAGCAATATTCCAAAGCAGTATGACAAAAATYTTAGAGCCTTTTAGAAACAAAAATCCAGAAATAACTATCTATCAATATATGGATGATTTGTATGTAGGATCTGACTTAGAAATAGGGCAGCATAGAACAAAAATAGAAGAACTRAGACAACATCTGTTGAAGTGGGGATTTACCACACCAGACAAAAAGCATCAGAAAGAACCTCCATTTCTTTGGATGGGTTATGAACTCCATCCCGATAAATGGACAGTACAGCCTATAARGCTGCCAGAWAAGGACAGCTGGACTGTYAATGACATACAGAAGTTAGTGGGAAAATTGAATTGGGCCAGTCAGATTTATTCAGGGATTAAAGTAAAGCAAYTATGTAAACTCCTTAGGGGAGCCAAAGCACTAAMCGAAGTAATACCACTAACAMAAGAAGCAGAGTTAGAACTGGCAGAAAACAGGGAAATTCTAAAGAAACCAGTACATGGGGTGTACTATGACCCATCAAAAGACTTAATAGCAGAAGTACAGAAGCAGGGACAAGGCCAATGGACATATCAAATTTATCAAGAACCATTTAAAAATCTAAAAACAGGAAAGTATGCAAAAATGAGGGGTACCCATACTAATGATGTAAAACAATTAACAGAGGCAGTGCAAAAAATAGGCCAAGAAAGCATCGTGATATGGGGAAAGACTCCTAAATTTAGACTACCCATACAAAAAGAAACATGGGAAGCA,773,875,EC-020,1502,20200801,faac5381
38141321,CCTCAAATCACTCTTTGGCAACGACCCCTCGTCACAATAAAGATAGGGGGGCAGCTAAAGGAAGCTCTATTAGATACAGGAGCAGATGATACAGTATTAGAAGAAATAAATTTACCAGGGAGATGGAAACCAAAAATGATAGGAGGAATTGGAGGTTTTATCAAAGTAAAACAGTATGATCAGATACCCATAGAAATATGTGGACATAAAGCTATAGGGACAGTATTAGTAGGACCTACACCTGTCAACATAATTGGAAGAAATCTGTTGACTCAGATTGGCTGTACTTTAAATTTTCCCATTAGTCCTATTGATACYGTACCAGTAAAATTAAAGCCAGGAATGGATGGCCCAAGAGTTAAACAGTGGCCATTGACAGAAGAAAAAATAAAAGCATTAGTAGAAATTTGTACAGAAATGGAAAAGGAAGGGAAAATTTCAAAAATTGGGCCTGAAAACCCATACAATACTCCAGYATTTGCCATAAAGAAAAAAGACAGTACTAAATGGAGAAAAGTAGTAGATTTCAGAGAGCTTAATAAGAGGACTCAAGACTTCTGGGAAGTTCAATTAGGAATACCACATCCTGCAGGGTTAAAAAAGRAAAAATCAGTAACAGTACTGGATGTGGGTGATGCATATTTTTCAGTTCCTTTAGATAAAGACTTCAGGAAGTATACTGCATTTACAATACCTAGTATAAACAATGAGACACCAGGRATTAGATATCAGTACAATGTGCTTCCGCAGGGATGGAAAGGATCACCAGCAATATTCCAAAGTAGCATGACAAAGATCTTAGRGCCTTTTAGAARGAAAAATCCAGACATGGTTATCTACCAATACGTGGATGATTTGTATGTAGGATCTGACTTAGAAATAGGACAGCATAGAACAAAAATAGAGGAACTGAGACAACATCTGTTRAGGTGGGGATTTACCACACCAGACAAAAAACATCAGAAAGAACCTCCATTTCTTTGGATGGGTTATGAGCTCCATCCTGATAAATGGACAGTACAGCCTATAGTGCTGCCAGAAAAAGACAGCTGGACTGTCAATGACATACAGAAGTTAGTGGGAAAATTAAATTGGGCAAGTCAAATTTATCCAGGGATTAAAGTAAGGCAATTATGTAAACTYCTTAGGGGRGCCAAAGCACTAACAGAAGTAATACCACTAACAAGRGAAGCAGAACTAGAACTGGCAGAA,321,218,EC-020,1212,20200801,iiqg6194
72219440,ACTCTTTGGCAACGACCCCTCGTCTCAGTAAAGATAGGGGGGCAACTWAAGGAAGCTCTATTAGATACAGGAGCAGATGATACAGTATTAGAAGAAATGAATTTGCCAGGAAGATGGAAACCAAAAATGATAGGGGGAATTGGAGGTTTTATCAAAGTAAGACAGTATGATCAGATACAAGTAGAAATTTGTGGACATAAAGCTRTAGGTACAGTATTAGTAGGACCTACACCTGTCAACATAATTGGAAGAAATTTGTTGACTCAGATTGGTTGCACTTTAAATTTTTGTACAGAAATGGAAAAGGAAGGAAAAATTTCAAAAATTGGGCCTGAAAATCCATACAATACTCCARTATTTGCCATAAAGAAAAAAGACAGTACTAAATGGAGAAAATTAGTAGATTTCAGAGAACTTAATAAGAAAACTCAAGACTTCTGGGAAGTCCARTTAGGRATACCACATCCCGCAGGGTTGAAAAAGAAAAAATCAGTAACAGTACTGGATGTGGGTGATGCATATTTTTCAGTTCCCTTAGACAAAGAGTTCAGGAAGTATACTGCATTYACCATACCTAGCAYAAACAATGAGACACCAGGGATCAGATATCAGTACAATGTGCTTCCACAGGGTTGGAAAGGATCACCAGCAATATTTCAAGCTAGCATGACAAAAATCTTAGAGCCTTTTAGACAACAAAATCCAGACATAGTTATCTATCARTAYATGGATGATTTGTATGTAGGATCTGACTTGGAAATAGGGCAGCATAGAACAAAAATAGARGAACTGAGACAACATCTGCTGAGGTGGGGATTTACCACACCAGATAAAAAACATCAGAAAGAACCCCCATTCCTTTGGATGGGYTATGAACTMCATCCTGATAAATGGACAGTACAGCCTATAGTGCTSCCA,572,419,EC-020,918,20200801,qzge3579
63405701,TGATTCCCATGTTTCTTTYTGTATGGGTAGTCTAAATTTAGGGGTCTTTCCCCATATTACTATGCTTTCTGTGCTTATCTTTTGCACTGCCTCTGTTAATTGTTTTACATCATTAGTGTGGGCACCCCTCATTCTTGCATATTTTCCTGTTTTYAGATTTTTAAATGGCTCTTGATATATTTGATATGTCCACTGGCCTTGCCCCTGTTTCTGTATTTCTGCTATTAAGTCTTTTGATGGGTCATAATACACTCCATGTACTGGTTCTTTTAGAATCTCCCTGTTTTCTGCCARTTCTAATTCTGCTTCTTCTGTTAGTGGTACTAYTTCTGTTARTGCYTTAGTTCCCCTAAGGAGTTTACATAATTGCCTTACTTTAATCCCTGCATAAATTTGACTTGCCCAATTCAATTTTCCCACTAACTTCTGTATGTCATTGACAGTCCAGCTGTCTTTTTCTGGCAGCTCTATAGGCTGTACTGTCCATTTATCAGGATGGAGTTCATATCCCATCCAAAGGAATGGMGGTTCTTTCTGATGTTTCTTATCTGGTGTGGAAAATCCCCACYTTAACAGGTGTTCTCTCAGTTCCTCTATTTTTGTTCTATGCTGCYCTATTTCTAAGTCAGATCCCACATACAAATCATCCATGTATTGATAGATAACTAGRTCTGGATTTTGYTTCCTAAAAGGCTCTAAGATTTTTGTCATACTRCTTTGGAATATTGCTGGTGATCCTTTCCATCCCTGTGGAAGCACATTGTACTGATATCTAATCCCTGGTGTCTCATTATTTATACTAGGTATGGTAAATGCAGTATACTTCCTGAAGTCTTCATCTAAGGGAACTGAAAAATATGCRTCACCCACATCCAGTACTGTTACTGATTTTTTCTTTTTTAACCCTGCRGGATGTGGTATTCCTAATTGCACTTCCCAGAAGTCTTGMGTYTTCTTATTAAGATCTCTGAAATCTACYAATTTTCTCCATTTAGTACTGTCTTTTTTCTTTATGGCAAATACTGGAGTATTGTATGGATTTTCAGGCCCAATTTTTGAAATTTTCCCTTCCTTTTCCATTTCTGTACAAATTTCTATTAATGCTTTTATTTTTTCTTCTGTCAATGGCCATTGTTTAACTTTTGGACCATCCATTCCTGGTTTTAATTTTACTGGTACAGTTTCAATAGGACTAATGGGAAAATTTAAAGTACAYCCAATYTGAGTCAACAGATTCCTTCCAATTATGTTGACAGGTGTGGGTCCTACTAATACTGTACCTATGGCCTTATGCCCACAGATTTCTATGAGTATCTGATCATACTGTCTTACTTTGATAAAACCTCCAATTCCCCCTATCATTTTTGGTTTCCATTTTCCTGGCAAATTCATTTCTTCTAATACTGTATCATCTGCTCCTGTATCTAATAGAGCTTCCTTTAGCTGCCCCCCTATCTTTATTGTGACAAGTGGTCGTTGCCAAAGAGTGATTTGAGG,437,819,EC-020,1497,20200801,saos3363
89330773,CCTCAGATCACTCTTTGGCAACGACCCCTYGTCACARTAAAGATAGGGGGGCAACTAAAGGAAGCTCTATTAGAYACAGGAGCAGATGATACAGTATTAGAAGARATTAATTTGCCAGGAAGATGGAAACCAAAAATGATAGGGGGAATTGGAGGTTTTATCAAAGTAARACARTATGAGCAGGTAKCTGTAGAAATYTGTGGGCATAAAGCTATAGGTACAGTATTAGTAGGACCYACACCTGTCAACATAATTGGAAGAAATYTGTTGACTCAGATTGGTTGCACTTTAAATTTTCCCATTAGTCCTATTGAAACTGTACCAGTAAAATTAAAGCCAGGAATGGATGGCCCAAAAGTTAAACAATGGCCATTGACAGAAGAAAAAATAAAAGCATTAGTAGAAATTTGTACAGAAATGGAAAAGGAAGGGAAAATTTCAAAAATTGGGCCTGAAAATCCATACAATACTCCAGTATTTGCCATAAAGAAAAAAGACAGTGCTAAATGGAGAAAATTAGTAGATTTCAGAGAACTYAATAAGAGAACTCAAGACTTYTGGGAAGTTCAATTAGGAATACCACATCCCTCAGGGTTGAAAAAGAAAAAATCAGTAACAGTACTRGATRTAGGTGATGCATATTTTTCARTTCCCTTAGATRAAGAMTTCAGGAAGTATACTGCATTYACCATACCTAGTACAAACAATGAGACACCAGGGATTAGATATCAGTACAATGTGCTYCCACAGGGATGGAAAGGATCACCAGCAATATTCCAAAGTAGCATGACAAAAATCTTAGAGCCTTTTAGAAAACAAAATCCAGACATAGTYATCTATCAATACATGGATGATCTGTATGTAGGCTCTGACTTAGAAATAGARCAGCATAGAACAAAAATAGAGGAACTGAGRCARCATCTGTTGAGGTGGGGACTYACCACACCAGAYAAAAARCATCAGAAAGAACCTCCATTCCTTTGGATGGGTTATGAACTCCATCCTGATAAATGGACAGTMCARSCTATAGWGCTGCCAGAAAARGAMAGCTGGACTGTCAATGACATACAGAAGTTAGTGGGAAARTTGAATTGGGCAAGTCAGATTTATGCAGGGATTAAAGTAAAGCAATTATGTAAACTCCTTAGGGGAGYMAAAGGACTAACAGAAGTAGTACCACTAACAARAGAAGCAGAGCTAGAACTGGCAGAAAACAGGGAAATTCTAAAAGAACCAGTACATGGGGTATATTATGATCCATCAAAAGACTTAATAGCAGAAATACAGAAGCAGGGGCAAGGCCAGTGGACATATCAAATTTATCARGARCCATTTAAAAATCTGAAAACAGGAAAATATGCAAGARTGAGGGGTGCCCACACTAATGATGTAAAACAATTAACAGAGGCAGTGCAAAAAATAACCACAGAAAGCATAGTAATATGGGGAAAGACTCCTAAATTTAAACTGCCCATACAAAAAGARACATGGGAAACANNNNNNNNNNNNNNNNNNNNNNNNNNNNNNNNNNNNNNNNNNNNNNNNNNNNNNNNNNNNNNNNNNNNNNNNNNNNNNNNNNNNNNNNNNNNNNNNNNNNNNNNNNNNNNNNNNNNNNNNNNNNNNNNNNNNNNNNNNNNNNNNNNNNNNNNNNNNNNNNNNNNNNNNNNNNNNNNNNNNNNNNNNNNNNNNNNNNNNNNNNNNNNNNNNNNNNNNNNNNNNNNNNNNNNNNNNNNNNNNNNNNNNNNNNNNNNNNNNNNNNNNNNNNNNNNNNNNNNNNNNNNNNNNNNNNNNNNNNNNNNNNNNNNNNNNNNNNNNNNNNNNNNNNNNNNNNNNNNNNNNNNNNNNNNNNNNNNNNNNNNNNNNNNNNNNNNNNNNNNNNNNNNNNNNNNNNNNNNNNNNNNNNNNNNNNNNNNNNNNNNNNNNNNNNNNNNNNNNNNNNNNNNNNNNNNNNNNNNNNNNNNNNNNNNNNNNNNNNNNTTTTTAGATGGAATAGATAARGCCCAAGAAGAACATGAGAAATATCACAATAATTGGAGAGCAATGGYTAGTGATTTYAACATACCCCCTGTAGTAGCAAAAGAAATAGTAGCCTGCTGTGATAAATGTCARCTAAAAGGAGAAGCCATGCATGGACARGTAGACTGTAGTCCAGGAATATGGCAACTAGATTGTACACATTTAGAAGGAAAAATTATCCTGGTGGCAGTYCATGTGGCCAGTGGATATATAGAAGCAGAAGTYATTCCAGCAGAAACAGGGCAGGAAACAGCATACTTTCTCTTAAAATTAGCAGGAAGATGGCCAGTAAAAACAATACATACAGACAATGGCAGCAATTTCACCAGTGCTACRGTTAAGGCCGCCTGTTGGTGGGCRGGGATCAAGCAGGAATTTGGCATTCCCTACAATCCCCAAAGTCAAGGAGTAGTAGAATCTATGAATAATGAATTAAAGAAAATAATAGGACAGGTAAGAGATCAGGCTGAACATCTTAAGACAGCAGTACAAATGGCAGTATTCATCCACAATTTTAAAAGAAAAGGGGGGATTGGGGGGTACAGTGCAGGGGAAAGAATARTAGACATAATAGCAACAGACATACAAACTAAAGAACTACAAAAACAAATTACAAAAATTCAAAATTTTCGGGTTTATTACAGGGACAGCAGAGATCCACTTTGGAAAGGACCAGCAAAGCTTCTCTGGAAAGGTGAAGGGGCAGTAGTAATACAAGATAATAGTGACATAAAAGTAGTGCCAAGAAGAAAAGCAAAGATCATTAGGGATTATGGAAAACAGATGGCAGGTGATGATTGTGTGGCAAGTAGACAGGATGAGGAT,953,241,EC-020,2841,20200801,kvge6183
88278803,ACTCTTTGG(A)MAACGACCCCTTGTCACAATAAAGATAGGGGGGCAAATAAAGGAAGCTCTATTAGATACAGGAGCAGATGATACAGTATTAGAAGAAATGAATTTGCCAGGAAGATGGAAACCAAAAATGATAGGGGGAATTGGAGGTTTTATCAAAGTAAGACAGTATGATCAGATAACCATAGACATCTGTGGACATAAAGCTGTAGGTACAGTATTAATAGGRCCTACACCTGTCAACATAATTGGAAGAAATCTGTTGACTCAGATTGGTTGCACTTTAAATTTTNNNNNTGTACAGAAATGGAAAAGGAAGGRAAAATTTCAAAAATTGGGCCTGAAAATCCATAYMATACTCCAGTATTTGCYATAAAGRAAAARGACAGTACTAAATGGAGAAAATTAGTAGATTTCAGAGAACTTAATAAGASAACTCAAGACTTCTGGGAAGTTCAATTAGGRATACCACATCCCGCAGGKTTAAARAAGAAAAAATCAGTAACAGTACTGGATGTRGGTGATGCATATTTTTCAGTTCCTCTAGATAAAGAYTTYAGGAARTATACTGCATTCACCATACCTAGTATAAACAATGAGACACCAGGGATYAGATRTCAGTACAATGTGCTTCCACAGGGATGGAARGGATCASCAGCMATATYCCAAAGTAGCATGACAAAWATSTTRKAGCCCKTTMGAAAACAAAAWCCAGACATAGTTATYTATCAATACATGGATGAYTTGTATSTAGSATCTRAYTWRGAAATAGGGCARCATAGWMCAWRWATAGAGGAACTGAGAYAACATCTGTTGAARTGGGGACTTACCACACCAGACAAAAAACATCAGAAAGAACCCCCATTCCTTTGGATGGGTTATGAACTCCATCCTGATAAATGGACAGTACAGCCTATAGTGCTGCCA,827,979,EC-020,926,20200801,dwoz8876
10059932,CCTCAAATCACTCTTTGGCAACGACCCCTCGTCACAATAAAAGTAGGGGGGCAACTAAAGGAAGCTCTACTAGATACAGGAGCAGATGATACAGTATTAGAAGATATAAATTTGCCAGGAAAATGGAAACCAAAAATGATAGGGGGAATTGGAGGTTTTATCAAAGTAAGACAGTATGATCAGATATGCATAGAGATTTGTGGACATAAAGCTATAGGTACAGTRTTAGTAGGACCTACACCTGTCAACATAATTGGAAGAAATTTGTTGACTCAGATTGGTTGCACTTTAAATTTTCCCATAAGTCCTATTGAAACTGTACCAGTAAAATTAAAGCCAGGAATGGATGGCCCAAAGGTTAAACAATGGCCATTGACAGAAGAAAAAATAAAAGCATTAGTAGAAATTTGTACAGAAATGGAAAAGGAAGGGAAAATTTCAAAAATTGGACCTGARAATCCATACAATACTCCAATATTTGCCATAAAGAAAAAAGACAGTACTAAATGGAGAAAATTAGTAGATTTCAGAGAACTTAATAAGAAAACTCAAGACTTCTGGGAAGTTCARTTAGGAATACCACATCCTGCAGGGTTAAAAAAGAAAAAGTCAGTRACAGTACTGGATGTGGGTGATGCATATTTTTCAGTTCCCTTAGATCCAGACTTCAGGAAATATACTGCATTTACCATACCTAGTGTAAACAATGAGACACCAGGGATTAGATATCAGTACAATGTGCTTCCACAAGGATGGAAGGGATCACCAGCAATATTTCAACAKAGCATGACAAAAATCTTAGAGCCTTTTAGAAAAAAGAATCCAGACATAGTTRTCTATCAATACATGGATGATTTGTATGTAGGATCTGATTTAGAAATAGAGCAGCATAGAACAAAAATAGAGGAACTGAGACAACATCTGTTGAAGTGGGGATTYACCACACCAGACAAAAARCATCAGAAAGAACCTCCATTTCTTTGGATGGGTTATGAACTCCATCCTGATAAATGGACAGTACAGCCTATAGTGCTGCCAGAAAAAGACAGCTGGACTGTCAATGACATACAGAAGTTAGTGGGAAAATTAAATTGGGCAAGTCAGATTTACCCAGGGATTAAAGTRAAACAAYTATGTAGRCTCCTTAGGGGAACCAAAGCACTAACAGACGTAATWCCACTAACAGAAGAGGCAGAATTAGARCTGGCAGAAAACAGGGAGATTCTAAAAGAACCGGTACATGGAGTGTATTATGACCCATCAAAAGACTTAATAGCAGAAATACAGAAGCAGGGGCAAGGCCAATGGACATATCAAATTTATCAAGAGCCATTTAAAAATCTGAAAACAGGAAAATATGCAAGAATGAAGGGTGCCCACACTAATGATGTGAAACAATTAACAGAGGCAGTACAAAAAATAGCCACAGAAAGCATAGTAATATGGGGAAAGACTCCTAAATTTAAATTACCCATACAAAAGGAAACATGGGAAGCANNNNNNNNNNNNNNNNNNNNNNNNNNNNNNNNNNNNNNNNNNNNNNNNNNNNNNNNNNNNNNNNNNNNNNNNNNNNNNNNNNNNNNNNNNNNNNNNNNNNNNNNNNNNNNNNNNNNNNNNNNNNNNNNNNNNNNNNNNNNNNNNNNNNNNNNNNNNNNNNNNNNNNNNNNNNNNNNNNNNNNNNNNNNNNNNNNNNNNNNNNNNNNNNNNNNNNNNNNNNNNNNNNNNNNNNNNNNNNNNNNNNNNNNNNNNNNNNNNNNNNNNNNNNNNNNNNNNNNNNNNNNNNNNNNNNNNNNNNNNNNNNNNNNNNNNNNNNNNNNNNNNNNNNNNNNNNNNNNNNNNNNNNNNNNNNNNNNNNNNNNNNNNNNNNNNNNNNNNNNNNNNNNNNNNNNNNNNNNNNNNNNNNNNNNNNNNNNNNNNNNNNNNNNNNNNNNNNNNNNNNNNNNNNNNNNNNNNNNNNNNNNNNNNNNNNNNNNNNNNTTTTTAGATGGAATAGATAAGGCCCAAGAAGAGCATGAGAGATATCACAGTAATTGGAGRGCAATGGCTAGTGATTTTAACCTGCCACCTGTAGTGGCAAGAGAAATAGTRGCCAGCTGTGATAAATGTCAGCTAAAAGGAGAAGCCATGCATGGACAAGTAGACTGTAGCCCAGGAATATGGCAACTAGATTGTACACATTTAGAAGGAAAAATTATCCTGGTAGCAGTACATGTAGCCAGTGGATATATAGAAGCAGAAGTYATTCCAGCAGARACAGGGCAGGAAACAGCATACTTTCTCTTAAAATTAGCAGGAAGATGGCCAGTAACAACAATACATACAGACAATGGCACCAATTTCACCAGTGCTGCAGTTAAGGCCGCCTGTTGGTGGGCGGGGGTCAAGCAGGAATTTGGCATTCCYTACAATCCTCAAAGTCAAGGAGTAGTAGAATCTATGAATAAAGAATTAAAGAAAATTATAGGACAGGTAAGAGATCAGGCTGAACATCTTAARACAGCAGTACAAATGGCAGTATTCATTCACAATTTTAAAAGAAAAGGGGGGATTGGGGGGTACAGTGCAGGGCAAAGAATAATAGACATAATAGCATCAGACATACAAATTAAAGAATTACAAAAACAAATTACAAAAATTCAAAATTTTCGGGTTTATTACAGGGACAGCAGAGACCCACTTTGGAAAGGACCAGCAAAGCTTCTCTGGAAAGGTGAAGGGGCAGTAGTAATACAAGATAATAGTGACATAAAAGTAGTGCCAAGAAGAAAAGCAAAAATCATTAGGGATTATGGAAAACAGATGGCAGGTGATGATTGTGTGGCAAGTAGACAGGATGAGGAT,674,195,EC-020,2841,20200801,zsug6317
54850700,CCTCAGATCACTCTTTGGCAACGACCCCTYGTCACAATAAAGATAGGGGGGCAACTAAAGGAAGCTCTATTRGAYACAGGAGCAGATGATACAGTATTAGAAGAAATGAATTTGCCAGGAAGATGGAAGCCAAAAATGATAGGGGGAATTGGAGGTTTTATCAAAGTAAGACAGTATGATGAGATACCCATAGAAATTTGTGGACAAAAAGCTATAGGTACAGTRTTAGTAGGACCTACACCTGTCAACATAATTGGAAGGAACCTGTTGACTCAGATTGGTTGCACTTTAAATTTTCCCATTAGTCCTATTGAAACTGTACCAGTAAAATTAAAGCCAGGAATGGATGGCCCAAARGTTAAACAATGGCCATTGACAGAAGAAAAAATAAAAGCATTAGTAGAAATTTGTACAGAAATGGAAAAGGAAGGRAAAATTTCAAAAATTGGGCCTGATAATCCATACAATACTCCAGTATTTGCTATAAAGAAAAAAGACAGTACTAAATGGAGAAAATTAGTAGAYTTCAGAGAACTTAATAAGAGAACTCAAGAYTTCTGGGAGGTYCAATTAGGAATACCTCAYCCCGCAGGGTTAAAAAAGAAAAAATCAGTAACAGTWCTGGATGTGGGTGATGCATATTTYTCAGTTCCCTTAGAYRAARATTTCAGGAARTATACTGCATTTACCATACCCAGTATAAACAATGAGACACCAGGGATTAGATATCAGTACAATGTGCTTCCACAGGGATGGAAAGGATCACCAGCAATATTCCAAAGTAGCATGACAAAAATCTTAGAGCCATTTAGAAAACAAAATCCAGACATAGTTATCTATCAATACATGGATGATTTGTATGTAGGATCTGATTTAGAAATAGGGAAGCAYAGAGAAAAAATAGAGGAACTGAGACAACATCTGTTGAAGTGGGGGTTTACCACACCAGACAARAAACATCAGAAAGAACCTCCATTTCTTTGGATGGGKTATGAACTCCATCCTGACAAATGGACAGTACAGCCTATAGARCTGCCAGAAAARGATAGCTGGACTGTCAATGACATACAGAAGTTAGTGGGAAAATTRAATTGGGCAAGTCAGATTTACCCAGGAATTAAAGTAAAGCARTTATGTAAACTYCTTAGGGGAACCAAGGCACTAACAGAAGTAATACCACTAACAAAAGARGCAGAGATAGAACTGGCAGAAAACAGGGARATTCTAAGAGAACCAGTACATGGAGTGTATTATGACCCATCAAAAGAATTAATAGCAGAAATACAGAAGCAGGGGGAAGGCCAATGGACATATCAAATTTATCARGAGCCATTTAAAAATCTGAAAACAGGAAAATATGCAAGAACGAGGGGTGCCCACACTAATGATGTAARACAATTAACAGAGGCAGTGCAAAAAATAGCCCTAGAGAGCATAGTAATATGGGGAAAGACTCCTAAATTTAAACTACCCATACAAAAAGAAACATGGGAAGCANNNNNNNNNNNNNNNNNNNNNNNNNNNNNNNNNNNNNNNNNNNNNNNNNNNNNNNNNNNNNNNNNNNNNNNNNNNNNNNNNNNNNNNNNNNNNNNNNNNNNNNNNNNNNNNNNNNNNNNNNNNNNNNNNNNNNNNNNNNNNNNNNNNNNNNNNNNNNNNNNNNNNNNNNNNNNNNNNNNNNNNNNNNNNNNNNNNNNNNNNNNNNNNNNNNNNNNNNNNNNNNNNNNNNNNNNNNNNNNNNNNNNNNNNNNNNNNNNNNNNNNNNNNNNNNNNNNNNNNNNNNNNNNNNNNNNNNNNNNNNNNNNNNNNNNNNNNNNNNNNNNNNNNNNNNNNNNNNNNNNNNNNNNNNNNNNNNNNNNNNNNNNNNNNNNNNNNNNNNNNNNNNNNNNNNNNNNNNNNNNNNNNNNNNNNNNNNNNNNNNNNNNNNNNNNNNNNNNNNNNNNNNNNNNNNNNNNNNNNNNNNNNNNNNNNNNNNNNNNNTTCTTAGATGGAATAGATAAGGCCCAAGAAGARCATGARAAATATCACAATAATTGGAGAGCAATGGCTAGTGATTTTAACCTGCCACCTGTAGTAGCAAAAGAAATAGTAGCCAGCTGTGATAAATGTCAGCTAAAAGGAGAAGCCATRCATGGACAAGTAGACTGTAGTCCAGGAATATGGCAACTAGATTGTACACATCTAGAAGGAAAAGTTATCCTGGTAGCAGTTCATGTAGCCAGTGGATATATAGAAGCAGAAGTCATTCCAGCAGAAACAGGGCAGGAAACAGCATACTTTCTTTTAAAATTAGCAGGAAGATGGCCAGTAAAAACAGTRCATACAGACAATGGCMCCAAYTTCACCAGTAATGCGGTKAAGGCCGCCTGTTGGTGGGCRGGRATCAAGCAGGAATTTGGTATTCCCTACAATCCCCAAAGTCAAGGAGTAGTAGAATCTCTAAATAAAGARTTAAAGAAACTTATAGGACARGTAAGAGATCAGGCTGAACATCTTAAGACAGCAGTACAAATGGCAGTATTCATCCACAATTTTAAAAGAAAAGGGGGGATTGGGGGGTACAGTGCAGGGGAAAGAATAGTAGACATAATAGCAACAGACATACAAACTAAAGAACTACAAAAACAAATTACAAAAATTCAAAAATTTCGGGTTTATTACAGGGACAGCAGAGAYCCACTTTGGAAAGGACCAGCAAAGCTTCTCTGGAAAGGTGAAGGGGCAGTAGTCATACAAGATAATAGTGAAATAAAAGTAGTGCCAAGAAGAAAAGCAAAGATCATTAGGGATTATGGAAAACAGATGGCAGGTGATGATTGTGTGGCAAGTAGACAGGATGAGGAT,978,764,EC-020,2841,20200801,vset3138
29239334,CCTCAGATCACTCTTTGGCAACGACCCCTTGTCACAATAAAGATAGGGGGGCARCTAAAGGAAGCYCTATTAGACACAGGAGCAGATGATACAGTATTAGAAGAAATGAATTTRCCAGGAAGATGGAAGCCAAAAATGATAGGGGGAATTGGAGGTTTTATCAAAGTAAGACAGTATGATGAGATACCCATAGAAATTTGTGGACAAAAAGCTATAGGTACAGTRTTAGTAGGACCTACACCTGTCAACATAATTGGAAGGAACCTGTTGACTCAGATTGGTTGCACTTTAAATTTTCCCATTAGTCCTATTGAAACTGTACCAGTAAAATTAAAGCCAGGAATGGATGGCCCAAARGTTAAACAATGGCCATTGACAGAAGAAAAAATAAAAGCATTAGTAGAAATTTGTACAGAAATGGAAAAGGAAGGAAAAATTTCAAAAATTGGGCCTGATAATCCATACAATACTCCAGTATTTGCTATAAAGAAAAAAGACAGTACTAAATGGAGAAAATTAGTAGATTTCAGAGAACTTAATAAGARAACTCAAGATTTCTGGGAGGTTCARTTAGGAATACCTCATCCCGCAGGGTTAAAAAAGAAAAAATCAGTAACAGTACTGGATGTGGGTGATGCATATTTCTCAGTTCCCTTAGATRAARATTTCAGGAARTATACWGCATTTACCATACCCAGTATAAACAATGAGACACCAGGGATTAGATAYCAGTACAATGTGCTTCCACAGGGATGGAAAGGATCACCAGCAATATTCCAAAGTAGCATGACAAAAATCTTAGAGCCATTTAGAAAACAAAATCCAGACATAGTTATCTATCAATACATGGATGATTTGTATGTAGGATCTGATTTAGAAATAGGGAAGCATAGAGAAAAAATAGAGGAACTGAGACAACATCTGTTGAAGTGGGGRTTTACCACACCAGAYAAAAAACATCAGAAAGAACCTCCATTTCTTTGGATGGGTTATGAACTCCATCCTGACAAATGGACAGTACAGCCTATAGARCTGCCAGAAAARGATAGCTGGACTGTCAATGACATACAGAAGTTAGTGGGAAAATTGAATTGGGCAAGTCAGATTTACCCAGGAATTAAAGTAAAGCARTTATGTAAACTCCTTAGGGGAACCAAGGCACTAACAGAAGTAATACCACTAACAAAAGAGGCAGAGATAGAACTGGCAGAAAACAGGGAGATTCTAAGAGAACCAGTACATGGAGTGTATTATGACCCATCAAAAGACTTAATAGCAGAAATACAGAAGCAGGGGCAAGGCCAATGGACATATCAAATTTATCAAGAGCCATTTAAAAATCTGAAAACAGGAAAATATGCAAGAATGAAGGGTGCCCACACTAATGATGTGAAACAATTAACAGAGGCAGTACAAAAAATAGCCACAGAAAGCATAGTAATATGGGGAAAGACTCCTAAATTTAAATTACCCATACAAAAGGAAACATGGGAAGCANNNNNNNNNNNNNNNNNNNNNNNNNNNNNNNNNNNNNNNNNNNNNNNNNNNNNNNNNNNNNNNNNNNNNNNNNNNNNNNNNNNNNNNNNNNNNNNNNNNNNNNNNNNNNNNNNNNNNNNNNNNNNNNNNNNNNNNNNNNNNNNNNNNNNNNNNNNNNNNNNNNNNNNNNNNNNNNNNNNNNNNNNNNNNNNNNNNNNNNNNNNNNNNNNNNNNNNNNNNNNNNNNNNNNNNNNNNNNNNNNNNNNNNNNNNNNNNNNNNNNNNNNNNNNNNNNNNNNNNNNNNNNNNNNNNNNNNNNNNNNNNNNNNNNNNNNNNNNNNNNNNNNNNNNNNNNNNNNNNNNNNNNNNNNNNNNNNNNNNNNNNNNNNNNNNNNNNNNNNNNNNNNNNNNNNNNNNNNNNNNNNNNNNNNNNNNNNNNNNNNNNNNNNNNNNNNNNNNNNNNNNNNNNNNNNNNNNNNNNNNNNNNNNNNNNNNNNNNNNNTTCTTAGATGGAATAGATAAGGCCCAAGAAGARCATGARAAATATCACAATAATTGGAGAGCAATGGCTAGTGATTTTAACCTGCCACCTGTAGTAGCAAAAGAAATAGTAGCCAGCTGTGATAAATGTCAGCTAAAAGGAGAAGCCATRCATGGACAAGTAGACTGTAGTCCAGGAATATGGCAACTAGATTGTACACATCTAGAAGGAAAAGTTATCCTGGTAGCAGTTCATGTAGCCAGTGGATATATAGAAGCAGAAGTCATTCCAGCAGAAACAGGGCAGGAAACAGCATACTTTCTTTTAAAATTAGCAGGAAGATGGCCAGTAAAAACAGTRCATACAGACAATGGCACCAATTTCACCAGTAATGCGGTTAAGGCCGCCTGTTGGTGGGCGGGGATCAAGCAGGAATTTGGTATTCCCTACAATCCCCAAAGTCAAGGAGTAGTAGAATCTCTAAATAAAGARTTAAAGAAACTTATAGGACAGGTAAGAGATCAGGCTGAACATCTTAAGACAGCAGTACAAATGGCAGTATTCATCCACAATTTTAAAAGAAAAGGGGGGATTGGGGGGTACAGTGCAGGGGAAAGAATAGTAGACATAATAGCAACAGACATACAAACTAAAGAACTACAAAAACAAATTACAAAAATTCAAAAATTTCGGGTTTATTACAGGGACAGCAGAGACCCACTTTGGAAAGGACCAGCAAAGCTTCTCTGGAAAGGTGAAGGGGCAGTAGTCATACAAGATAATAGTGAAATAAAAGTAGTGCCAAGAAGAAAAGCAAAGATCATTAGGGATTATGGAAAACAGATGGCAGGTGATGATTGTGTGGCAAGTAGACAGGATGAGGAT,266,714,EC-020,2841,20200801,lvbf7417
88753886,CCTCAGATCACTCTTTGGCAACGACCCCTYGTCACAATAAAGATAGGGGGGCAACTAAAGGAAGCTCTATTGGATACAGGAGCAGATGATACAGTATTAGAAGAAATGAATTTGCCAGGAARATGGAAGCCAAAAATGATAGGRGGAATTGGAGGTTTTATCAAAGTAAGACAGTATGATGAGATACCCATAGAAATTTGTGGACAAAAAGCTATAGGTACAGTRTTAGTAGGACCTACACCTGTCAACATAATTGGAAGGAACCTGTTGACTCAGATTGGTTGCACTTTAAATTTTCCCATTAGTCCTATTGAAACTGTACCAGTAAAATTAAAGCCAGGAATGGATGGCCCAAAGGTTAAACAATGGCCATTGACAGAAGAAAAAATAAAAGCATTAGTAGAAATTTGTACAGAAATGGAAAAGGAAGGRAAAATTTCAAAAATTGGGCCTGAWAATCCATACAATACTCCAGTATTTGCTATAAAGAAAAAAGACAGTACTAAATGGAGAAAATTAGTAGAYTTCAGAGAACTTAAYAAGARAACTCAAGATTTCTGGGAGGTTCARTTAGGAATACCTCATCCCGCAGGGTTAAAAAAGAAAAAATCAGTAACAGTWCTGGATGTGGGTGATGCATATTTYTCAGTTCCCTTAGATRAARATTTCAGGAARTATACTGCATTTACCATACCCAGTATAAACAATGAGACACCAGGGATTAGATATCAGTACAATGTGCTTCCACAGGGATGGAAAGGATCACCAGCAATATTCCAAAGYAGCATGACAAAAATCTTAGAGCCATTTAGAAAACAAAATCCAGACATAGTTATCTATCAATACATGGATGATTTGTATGTAGGATCTGAYTTAGAAATAGGGAAGCATAGAGAAAAAATAGAGGAACTGAGACAACATCTGTTGAAGTGGGGGTTTACYACACCAGACAAAAAACATCAGAAAGAACCTCCATTTCTTTGGATGGGKTATGAACTCCATCCTGACAAATGGACAGTACAGCCTATAGARCTGCCAGAAAARGATAGCTGGACTGTCAATGACATACAGAAGTTAGTGGGAAAATTGAATTGGGCAAGTCAGATTTACCCAGGAATTAARGTAAAGCARTTATGTAAACTCCTTAGGGGAACCAAGGCACTAACAGAAGTAATACCACTAACAAAAGARGCAGAGATAGAACTGGCAGAAAACAGGGAGATYCTAAGAGAACCAGTACATGGAGTGTATTATGACCCATCAAAAGAATTAATAGCAGAAATACAGAAGCAGGGGGAAGGCCAATGGACATATCAAATTTATCARGAGCCATTTAAAAATCTGAAAACAGGAAAATATGCAAGAACRARGGGTGCCCACACTAATGATGTAAGACAATTAACAGAGGCAGTGCAAAAAATAGCCCTAGARAGCATAGTAATATGGGGAAAGACTCCTAAATTTAAAYTACCCATACAAAAAGAAACATGGGAAGCANNNNNNNNNNNNNNNNNNNNNNNNNNNNNNNNNNNNNNNNNNNNNNNNNNNNNNNNNNNNNNNNNNNNNNNNNNNNNNNNNNNNNNNNNNNNNNNNNNNNNNNNNNNNNNNNNNNNNNNNNNNNNNNNNNNNNNNNNNNNNNNNNNNNNNNNNNNNNNNNNNNNNNNNNNNNNNNNNNNNNNNNNNNNNNNNNNNNNNNNNNNNNNNNNNNNNNNNNNNNNNNNNNNNNNNNNNNNNNNNNNNNNNNNNNNNNNNNNNNNNNNNNNNNNNNNNNNNNNNNNNNNNNNNNNNNNNNNNNNNNNNNNNNNNNNNNNNNNNNNNNNNNNNNNNNNNNNNNNNNNNNNNNNNNNNNNNNNNNNNNNNNNNNNNNNNNNNNNNNNNNNNNNNNNNNNNNNNNNNNNNNNNNNNNNNNNNNNNNNNNNNNNNNNNNNNNNNNNNNNNNNNNNNNNNNNNNNNNNNNNNNNNNNNNNNNNNNNNNNNTTCTTAGATGGAATAGATAAGGCCCAAGAAGARCATGARAAATATCACAATAATTGGAGAGCAATGGCTAGTGATTTTAACCTGCCACCTGTRGTAGCAAAAGAAATAGTAGCCAGCTGTGAYAAATGTCAGCTAAAAGGAGAAGCCATRCATGGACAAGTAGACTGTAGTCCAGGRATATGGCAACTAGATTGTACACATYTAGAAGGAAAAGTTATCCTGGTAGCAGTTCATGTAGCCAGTGGATATATAGAAGCAGAAGTCATTCCAGCAGAAACAGGGCARGAAACAGCATACTTTCTTTTAAAATTAGCAGGAAGATGGCCAGTAAAAACAGTRCATACAGACAATGGCACCAATTTCACCAGTAATGCGGTKAAGGCCGCCTGTTGGTGGGCRGGGATCAAGCAGGAATTTGGTATTCCCTACAATCCCCAAAGTCAAGGAGTAGTAGAATCTCTAAATAAAGARTTAAAGAAACTTATAGGACARGTAAGARATCAGGCTGAACATCTTAARACAGCAGTACAAATGGCAGTATTCATCCACAATTTTAAAAGAAAAGGGGGGATTGGGGGGTACAGTGCAGGGGAAAGAATAGTAGACATAATAGCAACAGACATACAAACTAAAGAACTACAAAAACAAATTACAAAAATTCAAAAATTTCGGGTTTATTACAGGGACAGCAGAGACCCACTTTGGAAAGGACCAGCAAAGCTTCTCTGGAAAGGTGAAGGGGCAGTAGTCATACAAGATAATAGTGAAATAAAAGTAGTGCCAAGAAGAAAAGCAAAGATCATTAGGGATTATGGAAAACAGATGGCAGGTGATGATTGTGTGGCAAGTAGACAGGATGAGGAT,121,733,EC-020,2841,20200801,ifme5119
10632220,ACTCTTTGGCAACGACCCCTCGTCACAATAARGATAGGGGGGCAAATAAAGGAAGCYCTATTAGATACAGGAGCAGATGATACAGTATTAGAAGAAATGAATTTRCCAGGAAGATGGAAACCAAAAATGATAGGGGGAATTGGAGGTTTTATCAAAGTAAGACAGTATGATCAGATASCMRTAGAAATYTGTGGMCATAAAGCTATAGGTACAGTATTAGTAGGACCTACACCTGTCAACATAATTGGAAGAAATCTGTTGACTCAGMTTGGYTGCACTTTAAATTTTTKTRCAGAAATGGAAAAGGAAGGGAAAATTTCAAAAATTGGGCCTGWAAATCCATACAATACTCCAGTATTTGCCATAAAGAAAAARGACAGTACTAAATGGAGAAAATTAGTAGAYTTCAGAGAACTTAATAAGAGAACTCAAGACTTYTGGGAAGTTCAATTAGGAATACCACATCCTGCAGGGTTAAAAAAGAAAARATCAGTAACAGTACTGGATGTGGGTGATGCATATTTTTCAGTTCCCTTAGATRAAGACTTCAGGAAGTAYACTGCATTTACCATACCYWGTATAAACAATGAGACACCAGGGRTTAGATATCAGTACAWKGYRCTTCCACAGGGRTGGAAAGGATCACCAGCAATATTCCAARSTAGCATGACAAAAATCTTAGAGCCTTTTAGAMAACAAAATCCAGACWTRGTDATCTATCAATACATGGATGAYTTGTATGTAGGATCTGAYTTAGAAATAGGGCARCATAGAACAAAAATAGARGAACTGAGASAACATCTRTTGAGGTGGGGRTTTACCACACCAGACAAAAAACATCAGAAAGAACCTCCATTCCTTTGGATGGGTTATGAACTCCATCCTGATAAATGGACAGTACASCCTATAGTGCTGYCA,870,955,EC-020,918,20200801,jtyl9572
43852351,CCTCAGATCACTCTTTGGCAACGACCCCTCGTCACARTAARGATAGGGGGGCAAATAAAGGAAGCYCTMTTAGATACAGGAGCAGATGAYACAGTATTAGAAGAAATGAATTTRCCAGGAARATGGAAACCAAAAATGATAGGGGGAATTGGAGGTTTTATCARAGTAAGACAGTATGATCAGATAGCAGTAGAAATCTGTGGCCATAAAGCTATAGGTACAGTATTAGTAGGACCTACACCTGTCAACATAATTGGAAGAAATCTGTTGACTCAGMTTGGYTGCACTTTAAATTTTCCCATTAGTCCTATTGARACTGTACCAGTAAAATTAAAGCCAGGAATGGATGGCCCAAAAGTTAAACAATGGCCATTGACAGAAGAAAAAATAAAAGCATYAGTAGAAATTTGYACAGAAATGGAAAARRAAGGGAAAATTTCAAAAATTGGGCCTGAAAATCCATACAATACTCCAGTATTTGCCATAAAGAAAAAGGACAGTACTAAATGGAGAAAATTAGTAGATTTCAGAGAACTTAATAAGAGAACTCAAGACTTYTGGGAAGTTCAATTAGGAATACCACATCCTGCAGGGTTAAAAAAGAAAARATCAGTRACAGTACTGGATGTGGGTGATGCATATTTTTCAGTTCCCTTAGATGAAGACTTCAGGAAGTACACTGCATTTACCATACCCAGTATAAACAATGAGACACCAGGGGTTAGATATCAGTACAATGTACTTCCACAGGGGTGRAAAGGATCACCAGCAATATTCCAAGCTAGCATGACAAAAATCTTAGAGCCTTTTAGACAACAAAATCCAGACATAGTAATCTATCAATACATGGATGATTTGTATGTAGGATCTGAYTTAGAAATAGGGCARCATAGAACAAAAATAGAGGAACTRAGAGAACATCTRTTGAGGTGGGGATTTACCACACCAGACAAAAARCATCAGAAAGAACCTCCATTCCTTTGGATGGGTTATGAACTCCATCCTGATAAATGGACAGTACAGCCTATAGTGCTGCCAGAAAAAGACAGCTGGACYGTCAATGACATACAGAAGTTAGTGGGAAAATTGAATTGGGCAAGTCAGATTTATGCAGGGATTAAAGTAAAGCAATTATGTAAACTCCTTAGGGGAGCCAAAGCACTAACAGAAGTAGTRCCACTAACAGMRGAAGCAGAGCTRGAACTGGCAGAAAACAGGGAGATTCTAAAAGAACCAGTACATGGRGTGTAYTATGACCCATCAAAAGACTTAATAGCAGAAATACAGAAACAGGGGCAAGGCCAATGGACATATCAAATTTATCARGAGCCATTTAAAAATCTGAAAACAGGAAAATATGCAAGAACAAGGGGTRCCCAYACYAATGATGTAAARCAATTAACAGAGGCAGTGCAAAAAATAGCCACAGAAAGCATAGTAATATGGGGAAAGACTCCTAAATTTAAACTACCCATACAGAAAGAAACATGGGAAACANNNNNNNNNNNNNNNNNNNNNNNNNNNNNNNNNNNNNNNNNNNNNNNNNNNNNNNNNNNNNNNNNNNNNNNNNNNNNNNNNNNNNNNNNNNNNNNNNNNNNNNNNNNNNNNNNNNNNNNNNNNNNNNNNNNNNNNNNNNNNNNNNNNNNNNNNNNNNNNNNNNNNNNNNNNNNNNNNNNNNNNNNNNNNNNNNNNNNNNNNNNNNNNNNNNNNNNNNNNNNNNNNNNNNNNNNNNNNNNNNNNNNNNNNNNNNNNNNNNNNNNNNNNNNNNNNNNNNNNNNNNNNNNNNNNNNNNNNNNNNNNNNNNNNNNNNNNNNNNNNNNNNNNNNNNNNNNNNNNNNNNNNNNNNNNNNNNNNNNNNNNNNNNNNNNNNNNNNNNNNNNNNNNNNNNNNNNNNNNNNNNNNNNNNNNNNNNNNNNNNNNNNNNNNNNNNNNNNNNNNNNNNNNNNNNNNNNNNNNNNNNNNNNNNNNNNNNNNNNNTTTTTAGATGGAATAGATAAGGCCCAAGAAGAACATGAGARATATCACAGTAATTGGAGAGCAATGGCTAGTGATTTTAATCTGCCCCCTATAGTAGCAAAAGAAATAGTAGCCAGCTGTGATAAATGTCARCTAAAAGGAGAAGCCATGCATGGACAAGTAGACTGTAGTCCAAAAATATGGCAACTAGATTGCACACATTTAGAGGGAAAAGTTATCCTGGTAGCAGTGCATGTAGCCAGTGGMTATATAGAAGCAGAAGTTATTCCAGCAGAGACAGGGCAGGAAACMGCATACTTTATCCTAAAATTAGCAGGAAGATGRCCAGTGAAAACAATACATACAGACAATGGCAGCAATTTCACCAGYACTGCAGTTAAGGCCGCCTGTTGGTGGGCAGGGATCAARCAGGAATTTGGCATTCCCTACAATCCCCAAAGTCARGGAGTAGTARAATCYATGAATAATVAATTAAAGAAAATTATAGGACAGGTAAGAGATCAGGCTGAACATCTTAAGACAGCAGTACAAATGGCAGTATTCATCCACAATTTTAAAAGAAAAGGGGGGATTGGGAGGTGCAGTGCAGGGGAAAGAATAATAGACATAATAGCATCAGACATACAAACTACAGAATTACAAAAACAAATTWCAAAAATTCAAAATTTTCGGGTTTATTACAGGGACAGCAGAGATCCACTTTGGAAAGGACCAGCAAAGCTTCTCTGGAAAGGTGAAGGGGCAGTAGTAATACAAGATAATAGTGACATAAAAGTAGTGCCAAGAAGAAAAGTAAAGATCATTAAGGATTATGGAAAACAGATGGCAGGTGATGATTGTGTGGCAAGTAGACAGGATGAGGAT,886,453,EC-020,2841,20200801,bvpm7214
13521595,ACTCTTTGGCAACGACCCCTCGTCACAATAAWGGTAGGRGGRCARCTAAARGAAGCTCTAYTAGATACAGGAGCAGATGATACAGTATTAGAAGAMATRRATTTGCCAGGRAGATGGAARCCAAAAATGATAGGGGGAATTGGAGGTTTTATCAAAGTAARACARTATGAKCAGATACYCATAGAAATMTGTGGACATAAAGYTRTAGGTACAGTAKTAGTAGGACCTACRCCWGTCAACATAATTGGAAGAAATCTGTTGACTCARMTTGGYTGYACTTTAAATTTTTGTAMCGAAATGGAAGAGGAAGGGAAAATTTCAAAAATTGGGCCTGAGAATCCATACAATACTCCAGTATTTGCCATAAAGAAAAARRACAGTAMTARATGGAGAAAATTAGTAGATTTCAGAGAACTTAAYAAGAGAACYCARGAYTTYTGGGAAGTTCAATTAGGAATACCACATCCCGCAGGGTTAAAAAAGAAAAAWTCAGTAACAGTAYTGGATGTGGGTGATGCATATTTTTCAGTT-CCCTTASATGAAGACTTCAGGAAGTATACTGCATTTACCATACCTAGTAYAAACAATGAGACACCAGGRATHAGATATCAGTACAATGTGCTKCCACAGGGATGGAAAGGATCACCAGCAATATTYCAAWGYAGCATGACAAAAATCTTAGARCCTTTTAGAAAACAAAATCCAGAMATRRTTATCTAYCAATACATGGATGATTTGTATGTAGGATCTGACTTAGAAATAGGGCAGCATAGARCAAAAATAGAGGAACTRAGRSAACATCTGTTGAMGTGGGGATTTACCACACCAGACAAAAAACATCAGAAAGAACCYCCATTCCTTTGGATGGGTTATGAACTCCATCCTGATAAATGGACAGTRCAGCCTATAGWKCTGCCA,521,428,EC-020,919,20200801,pxjd5847
90150939,CCTCAGATCACTCTTTGGCAACGACCCATCGTCACAGTAAAGATAGGGGGGCAACTAAAGGAAGCTCTATTAGATACAGGAGCAGATGATACAGTATTAGAAGAAATGAATTTGCARGGAAGATGGAAACCAAAAATGATAGGGGGAATTGGAGGCTTTATCAAAGTCAGACAGTATGATCAGATACCCCTAGAAATTTGTGGACATAAAACTGTAGGTACAGTATTAATAGGACCTACACCTGTCAACATAATAGGAAGAAATCTGTTGACTCAAATTGGTTGTACTTTAAATTTCCCCATTAGTCCTATTGAAACTGTACCAGTAAAATTAAAGCCAGGTATGGATGGCCCAAAAGTTAAACAATGGCCATTGACAGAAGAGAAAATAAAGGCATTAGTAGAAATTTGTACAGAATTGGAAAAGGAAGGAAAAATTTCAAAAATTGGGCCTGAAAATCCATACAATACTCCAGTATTTGCCATAAAGAAAAAAGATAGTACTAAATGGAGAAAATTAGTAGATTTCAGAGAGCTTAATAAGAGAACTCAAGACTTCTGGGAAGTTCAATTAGGAATACCACATCCCGCAGGGTTAAAAAAGAAGAAATCAGTAACAGTACTGGATGTGGGTGATGCATATTTCTCAGTTCCTTTAGATGAAGACTTCAGGAAGTATACTGCATTTACCATACCTAGTACAAACAATGAAACACCAGGGATTAGRTATCAGTACAATGTGCTTCCACAGGGATGGAAAGGATCACCAGCAATATTCCAAAGTAGCATGACAAAAATCTTAGAGCCTTTTAGAAAACAAAATCCAGACATAGTTATCTGTCAATACATGGATGATTTGTATGTAGGATCTGACTTAGAAATAGGACAGCATAGAGCAAAAATAGAGGAACTAAGAGAACATCTGTGGAAGTGGGGGTTTGACACACCAGACAAAAAGCATCAGAAAGAATATCCATTCCTTTGGATGGGTTATGAACTCCATCCTGATAAATGGACAGTACAGCCAATAACACTGCCAGAAMAARATAGCTGGACTGTCAATGACATACAGAAGTTAGTGGGAAAATTGAATTGGGCAAGTCAGATTTACCCGGGGATTAAAGTAAGGCAAYTATGTAAACTCCTYAGGGGAACCAAAGCACTAACAGAAGTAGTACCACTAACACAAGAAGCAGAGCTAGAACTGGCAGAAAACAGGGAGATTCTAAAAGAGCCAGTACATGGGGCATATTATGACCCATCAAAAGACTTAATAGCAGAAATTCAGAAACAGGAGCACGGCCAATGGTCATATCAAATTTATCAGGAACCATTTAAAAATCTGAAAACAGGAAAATACTCAAGAGCGAGGAGTGCCCACACTAATGATGTAAAACAATTAACAGAGGTAGTGCAAAAAATATCCATGGAAAGCATAGTAATATGGGGAAAAACTCCTAAATTTAAACTGCCCATACAAAAGGAAACATGGGAAGCANNNNNNNNNNNNNNNNNNNNNNNNNNNNNNNNNNNNNNNNNNNNNNNNNNNNNNNNNNNNNNNNNNNNNNNNNNNNNNNNNNNNNNNNNNNNNNNNNNNNNNNNNNNNNNNNNNNNNNNNNNNNNNNNNNNNNNNNNNNNNNNNNNNNNNNNNNNNNNNNNNNNNNNNNNNNNNNNNNNNNNNNNNNNNNNNNNNNNNNNNNNNNNNNNNNNNNNNNNNNNNNNNNNNNNNNNNNNNNNNNNNNNNNNNNNNNNNNNNNNNNNNNNNNNNNNNNNNNNNNNNNNNNNNNNNNNNNNNNNNNNNNNNNNNNNNNNNNNNNNNNNNNNNNNNNNNNNNNNNNNNNNNNNNNNNNNNNNNNNNNNNNNNNNNNNNNNNNNNNNNNNNNNNNNNNNNNNNNNNNNNNNNNNNNNNNNNNNNNNNNNNNNNNNNNNNNNNNNNNNNNNNNNNNNNNNNNNNNNNNNNNNNNNNNNNNNNNNNNNNTTYTTAGATGGAATAGATAAGGCCCARGARGAACATGAAAAATATCAYAATAATTGGAGAGCAATGGCTAGTGATTTTAACCTGCCCCCTGTAGTAGCAAAAGAAATAGTAGCCAGCTGTGATAAATGYCAGCTAAAAGGRGAAGCCATGCATGGACAAGTAGACTGYAGTCCAGGCATATGGCAACTAGACTGYACACATTTAGAAGGCAAAGTTATCCTGGTAGCAGTTCATGTAGCCAGTGGATATATAGAAGCAGAAGTTATTCCAGCAGAAACAGGACAGGAAACAGCATAYTTTCTCTTAAAATTAGCAGGAAGATGGCCAGTAAAAACAATACATACAGACAATGGCACCAATTTCACCAGTAGTACAGTTAARGCCGCCTGTTGGTGGGCAGGAATCAAGCAGGARTTTGGCATTCCCTACAATCCCCAAAGTCAAGGAGTAGTGGAATCTATGCATAATGAATTAAAGAAAATTATARGACAAGTGAGAGATCAGGCTGAACATCTTAAGACAGCAGTACAAATGGCAGTATTCATTCACAATTTTAAAAGAAAAGGGGGGATTGGGGGGTACAGTGCAGGGGAAAGAATAGTAGACATAATAGCAACAGACATACAAACTAAAGAACTACAAAAACAAATTACAAAACTTCAAAMTTTTCGGGTTTATTACAGGGACAGCAGARATCCACTTTGGAAAGGACCAGCAAAGCTYCTCTGGAAAGGTGAAGGGGCAGTAGTRATACAAGATAATAGTGACATAAAAGTAGTGCCAMGAAGAAAAGCAAAGATCCTTAGGCATTATGGAAAACAGATGGCAGGTGATGATTGTGTGGCAGGTAGACAGGATGAGGAT,822,465,EC-020,2841,20200801,imhl3668
58205320,CTCWWTGGCAACGACCCCTCGTCACAATWAAGATAGGGGGGCARCTAAAGGAAGCTCTATTAGATAYAGGAGCAGATGATACAGTATTAGAAGAAATGAATTKSCCAGGRARWTGGAAACCAAAAATGATAGGGGGAATTGRRGGTTTTATCAAAGTAASRCAGTAYGATMWRMWMCTCRYAGAAATCTGTGSMMMTAAAGCTATAGGTACAGTATTAGTAGGACCTACACCTGTCAACATAATTGGAAGAAATCTGTTGACYCARATTGGKTGCACTTTAAATTTTTGTACAGAAATGGAAAAGGAAGGGAAAATTTCAAAAATTGGGCCTGAAAATCCATACMATACTCCAGTATTTGCYATAAAGAAAAAAGACAGTACTAAATGGAGAAAATTGGTAGATTTCAGAGAMCTTAATAAGARAACTCAAGACTTCTGGGAAGTTCAATTAGGRATACCACATCCCGCAGGGTTAAAAARGAAAAAATCAGTAACAGTACTAGATGTGGGTGATGCATATTTTTCAGTTCCYTTAGATRAAGAATTCAGGAAGTAYACTGCATTYACCATACCTAGTATAAACAATGAGACACCAGGGATTWGATATMAGTACAATGTGCTTCCACAGGGATGGAAAGGATCACCAGCAATATTCCAAAGTAGCATGACAAAAATCTTAGAGCCTTTTAGAAAACAAAATCCAGACATAGTTATYTATCAATACATGGATGATTTGTATGTAGGATCTGACTTRGAAATAGGGCAGCATAGRGCAAAAATAGAAGAACTRAGACAACATCTGTTGAGGTGGGGATTAACCACACCAGACAAAAAACATCAGAAAGAACCTCCATTCCTTTGGATGGGTTATGAACTCCATCCTGATAAATGGACAGTACAGMMTATAKTGCTRCCA,965,249,EC-020,917,20200801,twum1363
18253433,TGATTCCCATGTTTCTTTYTGTATGGGTAGTCTAAATTTAGGGGTCTTTCCCCATATTACTATGCTTTCTGTGCTTATCTTTTGCACTGCCTCTGTTAATTGTTTTACATCATTAGTGTGGGCACCCCTCATTCTTGCATATTTTCCTGTTTTYAGATTTTTAAATGGCTCTTGATATATTTGATATGTCCACTGGCCTTGCCCCTGTTTCTGTATTTCTGCTATTAAGTCTTTTGATGGGTCATAATACACTCCATGTACTGGTTCTTTTAGAATCTCCCTGTTTTCTGCCARTTCTAATTCTGCTTCTTCTGTTAGTGGTACTAYTTCTGTTARTGCYTTAGTTCCCCTAAGGAGTTTACATAATTGCCTTACTTTAATCCCTGCATAAATTTGACTTGCCCAATTCAATTTTCCCACTAACTTCTGTATGTCATTGACAGTCCAGCTGTCTTTTTCTGGCAGCTCTATAGGCTGTACTGTCCATTTATCAGGATGGAGTTCATATCCCATCCAAAGGAATGGMGGTTCTTTCTGATGTTTCTTATCTGGTGTGGAAAATCCCCACYTTAACAGGTGTTCTCTCAGTTCCTCTATTTTTGTTCTATGCTGCYCTATTTCTAAGTCAGATCCCACATACAAATCATCCATGTATTGATAGATAACTAGRTCTGGATTTTGYTTCCTAAAAGGCTCTAAGATTTTTGTCATACTRCTTTGGAATATTGCTGGTGATCCTTTCCATCCCTGTGGAAGCACATTGTACTGATATCTAATCCCTGGTGTCTCATTATTTATACTAGGTATGGTAAATGCAGTATACTTCCTGAAGTCTTCATCTAAGGGAACTGAAAAATATGCRTCACCCACATCCAGTACTGTTACTGATTTTTTCTTTTTTAACCCTGCRGGATGTGGTATTCCTAATTGCACTTCCCAGAAGTCTTGMGTYTTCTTATTAAGATCTCTGAAATCTACYAATTTTCTCCATTTAGTACTGTCTTTTTTCTTTATGGCAAATACTGGAGTATTGTATGGATTTTCAGGCCCAATTTTTGAAATTTTCCCTTCCTTTTCCATTTCTGTACAAATTTCTATTAATGCTTTTATTTTTTCTTCTGTCAATGGCCATTGTTTAACTTTTGGACCATCCATTCCTGGTTTTAATTTTACTGGTACAGTTTCAATAGGACTAATGGGAAAATTTAAAGTACAYCCAATYTGAGTCAACAGATTCCTTCCAATTATGTTGACAGGTGTGGGTCCTACTAATACTGTACCTATGGCCTTATGCCCACAGATTTCTATGAGTATCTGATCATACTGTCTTACTTTGATAAAACCTCCAATTCCCCCTATCATTTTTGGTTTCCATTTTCCTGGCAAATTCATTTCTTCTAATACTGTATCATCTGCTCCTGTATCTAATAGAGCTTCCTTTAGCTGCCCCCCTATCTTTATTGTGACAAGTGGTCGTTGCCAAAGAGTGATTTGAGG,461,928,EC-020,1497,20200801,xzws5937
87630156,ACTYTTTGGCAACGA(C)CCCCTCGTCACAATAAAGATAGGGGGGCAATTAAAAGAAGCTCTGCTAGATACAGGAGCAGATGATACAGTATTAGAAGAAAYGGATTTGCCAGGAAGATGGAAACCAAAAATGATAGGGGGAATTGGAGGTTTTATCAAAGTAAGACAGTATGAKCAGGTATCCATAGAAATTTGTGGACATAARACTGTAGGTACAGTATTAGTAGGACCTACACCTGTCAACATAATTGGAAGAAATYTGTTGACTCAGATTGGTTGYACTTTAAATWTTTGTACAGAAATGGAAMAGGAAGGGWRATTTYCAAWAWTTGGGCCTGAARATCCATRTAATACKCCAGTATTTGCCATAAAGAAAAAGGACAGTACTAAATGGAGRAARYTAGTAGATTTCAGAGAACTTAACAAGAAAACTCAAGACTTCTGGGAAGTTCAATTAGGAATACCACACCCCGCAGGGTTAAAAAAGAAGAAGTCAGTAACAGTACTAGATGTAGGTGATGCATATTTTTCAGTTCCCTTAGATAAAGAATTCAGGAAGTAYACTGCATWYACCATACCTARKAWWAACRMTSASACACCAGGGMTTAGAKATCAGTACRATGTGCTTCMACAGGGATKGAARGGATCMCCAGCAATATTCCAATGYAGTATGACAAAAATCTTAGAGCCTTTTAGAAAACWAAATCCAGACATAGTTATCTATCAATACATGGATGAYTTRTATGTGGGRTCTGAYTTAGARATAGGGCWRCATAGWRCAAAAATAGAGGAGCTGAGWCAACATCTGTTGAGGTGGGGATTTACCACACCAGACAAAAAACATCAGWWAGAACCTCCATTCCTTTGGATGGCYKMTGAACTMCATCCTGAWAMATGGACAGTACAGCCTATAGTGCTGCCA,726,893,EC-020,921,20200801,kabo2937
75353077,CCTCAARTCACTCTTTGGCAACGACCCATCGTCACCATAAAGATAGGGGGGCAACTAAAGGAAGCKCTAYTAGATACAGGMGCAGATGATACAGTATTWGAAGACATAGATTTACCAGGAAGATGGAAACCAAAAATGATAGGGGGRATTGGAGGTTTTGTCAAAGTYAGACAGTATGARGACATACCCATAGAAATCTGTGGACAYAAAGTTATAGGTACAGTRTTAGTAGGACCTACACCTRCCAACATAATTGGAMGAAATCTGTTRACTCAGCTTGGTTGCACKTTAAATTTTCCCATTAGTCCTATTGAAACTGTACCAGTAAAATTAAAGCCAGGAATGGATGGCCCAAAAGTTAAACAATGGCCATTGACAGAAGAAAAAATAAAAGCATTAATAGAAATTTGTACAGAAATGGAAAAGGAAGGGAAAATTTCAAAAATTGGGCCTGAAAATCCATACAATACTCCARTATTTGCCATAAAGAAAAAAGACAGTACTMAATGGAGAAAAWTAGTAGATTTCAGAGAACTRAATAAGAGAACTCAAGACTTCTGGGAAATTCAATTAGGAATACCACATCCRGCAGGGTTACAAAAGAAAAAATCAATAACAGTACTAGATGTGGGTGATGCATATTTTTCTGTTCCCTTAGATGAAGACTTCAGGAAGTACACTGCATTTACCATACCTAGTATAAACAATGCAACACCAGGGATTAGATATCAGTACAATGTGCTGCCACAGGGATGGAAAGGATCACCAGCAATATTCCAAAGTAGCATGACAAAAATCTTAGAGCCTTTTAGAAAACAAAATCCAGACATAATYATCTATCAATACGTRGATGATTTGTATGTRGCATCTGATTTAGAAATAGGGCAGCATAGAACAAAAGTAGAGGARCTGAGACAGCATCTGCTGAAGTGGGGAYTTACCACACCAGAYAAAAAACAYCAGAAAGAACCTCCATTCCTTTGGATGGGTTATGAACTCCATCCTGATAAATGGACAGTACAGCCTATAGTRCTGCCAGAAAAGGACAGCTGGACTGTCAATGACATACAGAAGTTAGTGGGAAAATTAAATTGGGCAAGTCAGATTTACCCAGGGATTAARGTAAAGCAATTATGTAAACTCCTTAGGGGAACCAAAGCACTAACAGAAGTAGTACCACTAACAAAAGAAGCAGARCTAGAACTGGCAGAGAACAGGGARATTCTAAAAGAACCAGTACATGGAGTGTATTATGACCCATCAAAAGACTTAGTAGCAGAACTACAGAAGCAGGGGGAMGACCAATGGACATATCAAATTTATCAGGAGCCATTTAAAAATCTGAAAACAGGAAAGTATGCCAGAACGAGGGGTGCCCACACTAATGATGTAAAACAATTAACAGAGGCAGTGCAAAAAATAGCCACAGAAGGCATAGTAATATGGGGAAAGATTCCTAAATTTAAACTACCCATMCAAAAAGAAACATGGGAAACANNNNNNNNNNNNNNNNNNNNNNNNNNNNNNNNNNNNNNNNNNNNNNNNNNNNNNNNNNNNNNNNNNNNNNNNNNNNNNNNNNNNNNNNNNNNNNNNNNNNNNNNNNNNNNNNNNNNNNNNNNNNNNNNNNNNNNNNNNNNNNNNNNNNNNNNNNNNNNNNNNNNNNNNNNNNNNNNNNNNNNNNNNNNNNNNNNNNNNNNNNNNNNNNNNNNNNNNNNNNNNNNNNNNNNNNNNNNNNNNNNNNNNNNNNNNNNNNNNNNNNNNNNNNNNNNNNNNNNNNNNNNNNNNNNNNNNNNNNNNNNNNNNNNNNNNNNNNNNNNNNNNNNNNNNNNNNNNNNNNNNNNNNNNNNNNNNNNNNNNNNNNNNNNNNNNNNNNNNNNNNNNNNNNNNNNNNNNNNNNNNNNNNNNNNNNNNNNNNNNNNNNNNNNNNNNNNNNNNNNNNNNNNNNNNNNNNNNNNNNNNNNNNNNNNNNNNNNNNNNTTTTTGGATGGAATAGATAAGGCCCAAGATGAACATGAAAAATATCACAGTAATTGGAGAGCAATGGCTAGTGATTTTAACCTGCCACCTATAGTAGCAAAAGAAATAGTAGCCAGCTGTGATAAATGTCAACTAAAAGGAGAAGCCATGCATGGACAGGTAGACTGTAGCCCAGGAATATGGCAACTAGATTGTACACATTTAGAAGCAAAAATTATCCTGGTAGCAGTTCATGTAGCCAGTGGATATATAGAAGCAGAAGTAATTCCAGCAGAGACAGGGCAGGAAACAGCATACTTTATCTTAAAAYTAGCAGGAAGATGGCCAGTAAAAACAATACATACAGACAATGGCCCCAATTTCATCAGTGCTGCRGTTAAAGCCGCCTGTTGGTGGGCRGGRATCAAGCAGGAATTTGGTATTCCCTACAATCCTCAAAGTCAAGGAGTAGTAGAATCAATGAATAAAGAATTAAAGCAAATTATAGGACARGTAAGAGATCAGGCTGAACATCTTAARACAGCAGTACARATGGCAGTATTYATYCACAATTTTAAAAGAAAAGGGGGGATTGGGGGGTACAGTGCAGGGGAAAGAATAATAGACATRATAGCAACAGACTTACAAACTAAAGCATTACAAAAACACATTTCAAAAATTCAAAATTTTCGGGTTTATTACAGGGACAACAGAGATCCACTTTGGAAAGGACCAGCAAAGCTTCTTTGGAAAGGTGAAGGGGCAGTAGTRATACAAGATAATAGTGACATAAAAGTAGTGCCAAGAAGAAAAGCAAAGATCATTAGGGATTATGGAAAACAGATGGCAGGTGATGATTGTGTGGCAAGTAGACAGGATGAGGAT,468,326,EC-020,2841,20200801,chyy2176
60535948,----TTGGGSAACGACCCCTCGTCRCAATAAGGATAGGGGGGCAACTAAARGAAGCTCTATTAGATACAGGAGCAGATGATACAGTACTAGAAGAAATGAATTTACCAGGAAAATGGAAACCAAAAATGATAGGGGGAATTGGAGGTTTTATCAAAGTAAGACAGTATGATCAAATACCTATAGAAATTTGTGGACATAAAGCTATAGGTACAGTATTAATAGGACCTACACCTGTCAACATAATTGGAAGAAAT,706,630,EC-020,918,20200801,jvly7494
44746028,ACTCTTTGGCAACGACCCCTCGTCACAATAAAGGTAGGGGGGCAACTAAAGGAAGCTCTATTAGATACAGGAGCAGATGATACAGTATTAGAAGACATAGATTTRCCAGGAAGATGGAAACCAAAAATGATAGGGGGAATTGGAGGTTTTATCAAAGTAAGACAGTATGATCAGATACCCATAGAAATCTGTGGACATAAAGCTATAGGTACAGTATTAGTAGGACCTACACCTGTCAACATAATTGGAAGAAATCTGTTGACTCAGATTGGTTGCACTTTAAATTTTNNNNNTGTACAGAAATGGAAAAGGAAGGGAARATTTCAAAAATTGGGCCTGAAAATCCATACAATACTCCAGTATTTGCTATAAAGAAAAAAGACAGTACTAAATGGAGAAAATTAGTAGATTTCAGAGARCTTAAYAAGAAAACTCAAGACTTCTGGGAAGTYCAGTTAGGAATACCACAYCCYGCAGGGTTAAAAAAGAAAAAATCAGTAACAGTACTAGATGTGGGTGATGCATATTTTTCAGTTCCYTTAGATAAAGAMTTCAGGAAGTATACTGCATTCACCATACCTAGTATAAMCAATGAGACACCAGGGATKAGRTRTCAGTACAATGKGCYKCMGCAGGGAKGGAAAGGATCRSCAGCRAKATTCCAAAGTAGCATGACRARAWYSKTRGRGCCTTTTAGAAAACAAAWYCCAGRCATAGTTRKCTATCARTACATGGATGATKTATATGTAGGGTCAGRCTTRGAAATAGGGCAGCATAGAACAARAATAGAAGACCTMAGAARCCATCTGTTGAGGTGGGGATTTACCACACCAGACAAAAAACATCAGAAAGAACCTCCATTCCTTKGGATGGGTTATGAACTCC(C)WYCSTGATAAATGGACAGTACAGCCTATAGTGBTGCCA,710,844,EC-020,926,20200801,bfcf2275
71114235,TTTCTGGATGGAATAGATAAGGCTCAAGAAGAACATGAAAAATATCACAGTAATTGGAGAGCAATGGCTAGTGATTTTAACCTGCCACCTGTAGTAGCAAGGGAAATAGTAGCCAGCTGTGATAAATGTCAGCTAAAAGGAGAAGCCATGCATGGACAAGTAGACTGTAGTCCAGGAATATGGCAACTAGATTGTACACATCTAGAAGGAAAAATCATTCTGGTAGCAGTACATGTAGCCAGTGGATATATAGAAGCAGAAGTCATTCCAGCAGAGACAGGGCAGGAAACAGCATACTTCATTTTAAAATTAGCAGGAAGATGGCCAGTAAAAACAATACATACAGACAATGGCAGCAATTTCACCAGTACCACAGTTAAGGCCGCCTGTTGGTGGGCAGGAATCAAACAGGAATTTAGCATTCCCTACAATCCCCAAAGTCACGGAGTAGTAGAATCTATGAATAAAGAATTAAAGAAAATCATAGGACAGGTAAGAGATCAGGCTGAACATCTTAAGACAGCAGTACAAATGGCAGTATTCMTCCACAATTTTAAAAGAAAAGGGGGGATTGGGGGGTACAGTGCAGGGGAAAGGATAGTAGACATAATAGCAACAGACCTACAAACTCAAGAACTACAAAAACAAATTACAAAAATTCAAAATTTTCGGGTTTATTACAGGGACACCAGAGATCCACTTTGGAAAGGACCAGCAAAGCTTCTCTGGAAAGGTGAAGGGGCAGTAGTAATACAAGATAATAGTGACATAAAAGTAGTGCCAAGAAGAAAGGCAAAAATCATTAGGGATTATGGAAAACAGGTGGCAGGTGATGATTGTGTGGCAAGTAGACAGGATGAGGAT,714,282,EC-020,864,20200801,xcqg5758
31374074,ACTCYTTTGSAACGACCCAATCGTACMATAAAGATAGGGGGGSAGCTAAAGGAAGCTCTATTAGATACAGGRGCAGATGATACAGTTTTAGAAGAAATGRATTTGBCAGG-AGATGGAAACCAAAAATGATAGGGGGAATTGGAGGTTTTATCAAAGTAAGACAGTATGAT-AGATACCCATAGAAATCTGTGGGCATAAGGCTMTAGGTACAGTATTAGTAGG(M)TVCTACACCTGTCAACATAATTGGAAGAAATYTGTTGACTCAGCTTGGGTGCACTTTAAATTT-TGWACAGAAATGGAAAAGGAAGGGAAAWTT-C-AAAAWTGGGCCTGAAATCCCATACAATACTCCAGTWTTTGCCATAAAGAAAAAAGACAGTAATAAATGGAGAAAATTAGTAGATTTCAGAGAACTTAATAAKAGAACTCAAGACTTCTGGGAAGTTCATTTAGGAATACCACATCCTGCAGGGTTAAGAGAGAACAAATCAGTAACAGTACTGGATGTGGGTGATGCATATTTTTCAGTT-CCTTAGATGAAAACTTCA-GAAGTATACCGCA-TTACCATACCTRGTATAAAC-ATGAGACACCAGGGWTTTRATATMAATAMAATGTGCTTCMAMAGGGATGRAAAGGATCACCAGCAATA(W)TTTCAAAGTAGCATGACAAAAAT-TTAGAGCCTTTTAGAAAACAAAATCCAGACCTAGTTATCTGTCAAWACATGGATGATTTGTATGTAGGATCTRATTTAGAAATAGGGGCRCATAGA-C-TAAATAGAGGAACTTAGWGAACATCTGTTGAGGT-GGGATTTACCACACCWRACAAAAAACATCAGAA-G-ACCTCMATWTCWTTGGATGGGWWATG-ACTCCATCCTGATAAATGGACAGTACAGCCTATAGTGCTGCCA,465,129,EC-020,924,20200801,bwmz8976
71705775,ACTCTTTGGCAACGACCCCTCGTCACAGTAAAGGTAGGGGGGCAACTAAAGGAAGCTCTATTAGATACAGGAGCAGATGATACAGTATTAGAAGAAATGAGTTTGCCAGGAAGATGGAAGCCAAAAATGATAGGGGGAATTGGAGGTTTTATCAAAGTAAGACAGTATGATCAGATACTYGTAGAAATCTGTGGACATAARGCTATAGGTACAGTRTTARTAGGACCTACACCTGTCAACATAATTGGRAGRAATYTGTTGACTCAGATTGGTTGCACTTTAAATTTTTGTACAGAAATGGAAAAGGAAGGRAAAATTTCAAAAATTGGGCCTGARAATCCATAYAATACTCCAGTATTTGCCATAAAGAAAAAAGACAGTACTAAATGGAGAAARTTAGTAGATTTCAGAGAACTTAATAAGAAAACTCARGATTTCTGGGAAGTTCAAYTAGGAATACCACATCCCGCAGGGTTAAAAAAGAAAAAATCAGTAACAGTACTGGATGTGGGWGATGCATATTTTTCAGTTCCCTTAGATAAAGACTTCAGGAARTATACTGCATTTACTATACCTAGTATAAACAATGAGACACCAGGGATTAGATATCAGTAYAATGTGCTGCCACAGGGATGGAAAGGATCACCAGCAATATTCCAAAGTAGCATGACAAAAATCTTAGAGCCTTTTAGAAAACAAAATCCAGACATAGTCATCTATCARTACATGGATGATTTGTATGTAGGATCWGACTTAGAAATAGGGCAGCAYAGARCAAAAATAGAGGAACTGAGASAACATCTGTTGAGGTGGGGATTTACCACACCAGACAAAAAACATCAGAAAGAACCYCCATTCCTTTGGATGGGTTATGAACTCCATCCTGATAAATGGACAGTACAGCCTATARTGCTGCCA,182,581,EC-020,918,20200801,wkzx4526
33342509,CCTCARATCACTCTTTGGCAACGACCCCTCGTCACAATAAAGATAGGRGGGCAACTAAAGGAAGCTCTRTTAGATACAGGAGCAGATGATACAGTRTTAGAAGAAATGAATTTGCCAGGAAGATGGAAACCWAAAATGATAGGRGGAATTGGAGGTTTTATYAAAGTAAGACARTATGATCAGATAYYTATAGAAATCTGTGGACATAAAGCTATMGGTACAGTATTAGTAGGACCTACACCTGTCAACATAATTGGAAGAAAYYTGTTGACTCAGATTGGTTGCACTTTAAATTTYCCYATTAGTCCTATTGAAACTGTACCAGTAAAATTGAAGYCAGGAATGGATGGCCCAAAAGTTAAACAATGGCCATTGACAGAAGAAAAAATAAAAGCATTARTAGAAATTTGTACAGAAATGGAAAAGGAAGGGAAAATTTCAAAAATTGGGCCTGAAAATCCATACAATACTCCAGTATTTGCCATAAAGAAAAAAGACAGTACTAAATGGAGAAAATTAGTAGATTTYAGAGAACTTAATAAGAGAACTCAAGACTTCTGGGAAGTTCAAYTAGGAATACCACATCCCGCAGGGTTAAAAAAGAAAAAATCAGTAACAATACTGGATGTGGGTGATGCATATTTTTCAGTTCCCTTAGAYCCAGACTTCAGGAAGTATACTGCATTYACCATACCTAGYATAAACAATGAGACACCAGGGATYAGRTATCAGTACAATGTRCTTCCACARGGATGGAAAGGATCACCAGCAATATTCCARAGTAGCATGACAAGAATCTTAGAGCCTTTTAGAAAACAAAATCCAGAGATAGTTRTCTAYCAATAYATGGATGATTTGTATGTAGGRTCTGAYTTAGAAATAGGGCAGCATAGAACAAAAATAGAAGAACTGAGACARCATCTGTTGAGGTGGGGATTTACCACACCAGACAAAAARCATCAGAAAGAACCTCCATTYCTTTGGATGGGTTATGAACTCCAYCCTGATAAATGGACAGTACAGCCTATAGTGYTGCCAGAAAARGACAGCTGGACTGTCAATGACATACAGAAGTTAGTGGGAAAATTGAATTGGGCAAGTCAGATWTACCCAGGGATTAAAGTAARGCARTTRTGTAAACTCCTTAGGGGARCCAAAGCAYTAACAGARGTAATACCTCTAACAGCAGARGCAGAGCTAGAACTGGCAGAAAACAGGGAGATTCTAAAAGAACCAGTACATGGRGTGTATTATGAYCCATCAAARGACTTAATAGCAGAAATACAGAAGCAGGGRCAAGGYCARTGGACATATCAAATTTATCAAGAGCCATTTAAAAAYCTGAAAACAGGAAAATATGCAAGAATGAGGGGWGCCCACACTAATGATGTAAAACAATTAACAGAGGCAGTGCAAAAAATARCCACAGAAAGCATAGTAATATGGGGAAAGACYCCTAAATTTAAACTRCCCATACAAAAAGAAACATGGGAAACA,221,510,EC-020,1497,20200801,sfcz1179
73579053,CCTCAGATCACTCTTTGGCAACGACCCCTMGTCACAATAAAGRTAGGGGGGCAACTAAAGGAAGCTCTATTAGATACAGGAGCAGATGATACAGTATTAGAAGAAATGAATTTGCCAGGAAGATGGAAACCAAAAATGATAGGGGGAATTGGMGGTYTTATCAAAGTAAGACAGTATGATCAGATACCCATAGAAATCTGTGGRCATAAAGCTATAGGTACAGTATTAGTAGGACCTACACCTGTCAACATAATTGGAAGAAATCTGTTGACTCARATTGGTTGCACTTTAAATTTTCCCATTAGTCCTATTGAAACTGTACCAGTMAAATTAAAGCCAGGAATGGATGGCCCAAAAGTTAAACAATGGCCATTGACAGAAGAAAAAATAAAAGCATTAGTAGAAATTTGTACAGAAATGGAAAAGGAAGGGAAAATTTCAAGAATTGGGCCTGAMAAYCCATACAATACTCCAGTATTTGCYATAARGAAAAAAGACAGTACWAAATGGAGAAAATTAGTAGATTTCAGRGAACTTAATAAGAGRACTCAAGACTTYTGGGAAGTYCAATTAGGAATACCACATCCYGCAGGGTTAAAAAAGAAAAAATCAGTAACAGTACTGGATGTRGGTGATGCATATTTYTCAGTTCCHTTAGATAAAGAYTTCAGGAAGTATACTGCATTTACYATMCCTAGTATAAAYAATGAGACACCAGGGATTAGATATCAGTAYAATGTGCTTCCACAGGGRTGGAAAGGATCACCATCAATATTCCAAWGTAGYATGAYAAAAATCTTAGAKCCTTTTAGAAAACAAAATCCWGACATAGTYATCTATCAATACATGGATGATTTGTATGTAGGATCTGACTTAGAAATAGRGCARCATAGAACAAAAATAGAGGAACTGAGRCAACATCTRTTGAGGTGGGGRTTTACCACACCAGACAAAAAACATCAGAAAGAACCCCCATTYCTTTGGATGGGTTATGAACTCCATCCTGATAAATGGACAGTACAGCCTATAGYGCTGCCAGAAAAAGACARCTGGACTGTCAATGACATACAGAAGTTAGTRGGRAAATTGAATTGGGCAAGTCAGATTTATGCAGGGATTAAARTAARGMACTTATGYARACTCCTTAGGGGARCCAAAGCACTAACAGAAGTARTRCCRCTAACAGAAGAAGCAGAGCTAGAAYTRGCAGAAAACMGGGARATTCTAAAAGARCCRGTACATGGRGTRTAYTATGACCCWKCAAAAGACTTAMTAGCAGAAATACAGAAGCAGGGGCAAGGCCAATGGACATATCARATTTAYCARGAGCCATTTAAAAATCTGAAAACAGGAAAATATGCAAGAATGARRGGKRCCCACACTAATGATGTAAAACAATTAACAGAGGCAGTGCAAAAAATARCCACAGAAAGCATAGTARTATGGGGVAARACTCCTAAATTYAAACTACCCATACARAARGAAACATGGGAAGCANNNNNNNNNNNNNNNNNNNNNNNNNNNNNNNNNNNNNNNNNNNNNNNNNNNNNNNNNNNNNNNNNNNNNNNNNNNNNNNNNNNNNNNNNNNNNNNNNNNNNNNNNNNNNNNNNNNNNNNNNNNNNNNNNNNNNNNNNNNNNNNNNNNNNNNNNNNNNNNNNNNNNNNNNNNNNNNNNNNNNNNNNNNNNNNNNNNNNNNNNNNNNNNNNNNNNNNNNNNNNNNNNNNNNNNNNNNNNNNNNNNNNNNNNNNNNNNNNNNNNNNNNNNNNNNNNNNNNNNNNNNNNNNNNNNNNNNNNNNNNNNNNNNNNNNNNNNNNNNNNNNNNNNNNNNNNNNNNNNNNNNNNNNNNNNNNNNNNNNNNNNNNNNNNNNNNNNNNNNNNNNNNNNNNNNNNNNNNNNNNNNNNNNNNNNNNNNNNNNNNNNNNNNNNNNNNNNNNNNNNNNNNNNNNNNNNNNNNNNNNNNNNNNNNNNNNNNNNNNNTTTTTAGATGGWATAGATAAGGCCCAAGAAGAACATGAGAAATATCACAGTAATTGGAGAGCAATGGCTAGTGATTTTAACCTGCCACCTGTAGTAGCAARAGAAATAGTAGCCAGCTGTGATAAATGTCAGSTAAAAGGAGAAGCCATKCATGGACAAGTAGACTGTAGYCCAGGAATATGGCAACTAGATTGYACACATYTAGAAGGAAAAGTTATYCTGGTAGCAGTTCATGTAGCYAGTRGATAYATAGAAGCAGAAGTTATTCCAGCAGAGACAGGGCAGGARACAGCATACTTYCTCTTAAAAYTAGCAGGAAGATGGCCAGTAAAAACAATACATACAGAYAATGGCAGCAATTTCACCAGTACYACRGTYAAGGCCGCCTGTTGGTGGGCGGGGATMAARCAGGAATTTGGCATTCCCTACAATCCCCAAAGTCAAGGAGTAGTAGAATCTATGAATAAAGAATTAAAGAARATTATAGGACAGGTAAGAGATCAGGCTGAACATCTTAARACRGCAGTACAAATGGCAGTATTCATYCACAATTTTAAAAGAAAAGGGGGGATTGGGGGGTACAGTGCAGGGGAAAGAATARTAGACATAATAGCAACAGACATACAAACTAAAGAAYTACAAAAACAAATTACAAAAATTCAAAATTTTCGGGTTTATTACAGGGACARCAGAGATCCACTTTGGAAAGGACCAGCAAAGCTTCTCTGGAAAGGTGAAGGGGCAGTAGTAATACAAGATAAYAGTGAYATAAAAGTAGTGCCAAGRAGRAAAGTAAARATCATTAGGGATTATGGAAAACAGATGGCAGGTGATGATTGTGTGGCAAGTAGACAGGATGAGGAT,631,429,EC-020,2841,20200801,fahc7223
59726052,ACTCTTTGGCAACGACCCATCGTCACAGTAWAKATAGGGGGGCAACTAAAGGAAGCTCTATTAGATACAGGAGCAGATGATACAGTGTTAGAAGAAATGAATTTGCCAGGAAGATGGAAACCAAAAATGATAGGGGGAATTGGAGGTTTTATCAAAGTAAGACAGTATGATCAGATACCCGTAGAAATCTGTGGGCATAAAGTTATAGGTACAGTATTAGTAGGACCTACACCAGTCAATGTAATTGGAAGAAACTTGATGACTCAGCTTGGCTGCACTCTAAATTT#TGTACAGAAATGGAAAAGGAAGGGAAAATTTCAAAAATTGGGCCTGAAAATCCATACAATACTCCAGTATTTGCTATAAAGAAAAAAGACAGTACTAAATGGAGAAAACTAGTAGATTTCAGGGAACTTAATAAGAAAACTCAAGACTTTTGGGAAGTTCAATTAGGAATACCACATCCCGCAGGGCTAAAAAAGAAAAAATCAGTAACAGTGCTGGATGTGGGTGATGCATATTTTTCAGTTCCCTTAGATAAAGACTTCAGGAAGTATACTGCATTTACCATACCTAGTATAAACAATGAGACACCAGGGATTAGGTATCAGTACAATGTGCTTCCACAAGGATGGAAAGGATCACCAGCAATATTCCAAAATAGCATGACAAAAATCTTAGAGCCTTTTAGAAAACAAAATCCAGACCTAGTTATCTATCAATACATGGATGACTTGTATGTAGGATCTGACTTAGAAATAGGGCAGCATAGAACAAAAGTAGAGGAATTGAGACAACATCTGTTGAAGTGGGGATTTACCACACCAGACAAAAAACATCAGAAAGAACCTCCATTCCTTTGGATGGGTTATGAACTCCATCCTGATAAATGGACAGTACAGCCTATACTGCTGCCA,114,415,EC-020,918,20200801,edpy2644
12349876,CCCATTAGTCCTATTGAAACTGTACCAGTAAAATTAAAGCCAGGAATGGATGGCCCAAAAGTTAAACAATGGCCATTGACAGAAGAAAAAATAAAAGCATTAGTAGAAATTTGTACAGAAATGGAAAAGGAAGGGAAAATTTCAAAAATTGGGCCTGAAAATCCATACAATACTCCAGTATTTGCCATAAAGAAAAAAGACAGTACTAAATGGAGAAAATTAGTAGATTTCAGAGAACTTAATAAGAGAACTCAAGACTTCTGGGAAGTTCAATTAGGAATACCACATCCCGCAGGGTTAAAAAAGAAAAAATCAGTAACAGTACTGGATGTGGGTGATGCATATTTTTCAGTTCCCTTAGATGAAGACTTCAGGAAGTATACTGCATTTACCATACCTAGTATAAACAATGAGACACCAGGGATTAGATATCAGTACAATGTGCTTCCACAGGGATGGAAAGGATCACCAGCAATATTCCAAAGTAGCATGACAAAAATCTTAGAGCCTTTTAGAAAACAAAATCCAGACATAGTTATCTATCAATACATGGATGATTTGTATGTAGGATCTGACTTAGAAATAGGGCAGCATAGAACAAAAATAGAGGAGCTGAGACAACATCTGTTGAGGTGGGGACTTACCACACCAGACAAAAAACATCAGAAAGAACCTCCATTCCTTTGGATGGGTTATGAACTCCATCCTGATAAATGGACAGTACAGCCTATAGTGCTGCCAGAAAAAGACAGCTGGACTGTCAATGACATACAGAAGTTAGTGGGAAAATTGAATTGGGCAAGTCAGATTTACCCAGGGATTAAAGTAAGGCAATTATGTAAACTCCTTAGAGGAACCAAAGCACTAACAGAAGTAATACCACTAACAGAAGAAGCAGAGCTAGAACTGGCAGAAAACAGAGAGATTCTAAAAGAACCAGTACATGGAGTGTATTATGACCCATCAAAAGACTTAATAGCAGAAATACAGAAGCAGGGGCAAGGCCAATGGACATATCAAATTTATCAAGAGCCATTTAAAAATCTGAAAACAGGAAAATATGCAAGAACGAGGGGTGCCCACACTAATGATGTAAAACAATTAACAGAGGCAGTGCAAAAAATAACCACAGAAAGCATAGTAATATGGGGAAAGACTCCTAAATTTAAACTACCCATACAAAAGGAAACATGGGAAACACCTCAGATCACTCTTTGGCAACGACCCCTCGTCACAATAAAGATAGGGGGGCAACTAAAGGAAGCTCTATTAGATACAGGAGCAGATGATACAGTATTAGAAGAAATGAGTTTGCCAGGAAGATGGAAACCAAAAATGATAGGGGGAATTGGAGGTTTTATCAAAGTAAGACAGTATGATCAGATACTCATAGAAATCTGTGGACATAAAGCTATAGGTACAGTATTAGTAGGACCTACACCTGTCAACATAATTGGAAGAAATCTGTTGACTCAGATTGGTTGCACTTTAAATTTT,123,321,EC-020,1497,20200801,wclp3683
59726052,ACTCTTTGGCAACGACCCATCGTCACAGTAWAKATAGGGGGGCAACTAAAGGAAGCTCTATTAGATACAGGAGCAGATGATACAGTGTTAGAAGAAATGAATTTGCCAGGAAGATGGAAACCAAAAATGATAGGGGGAATTGGAGGTTTTATCAAAGTAAGACAGTATGATCAGATACCCGTAGAAATCTGTGGGCATAAAGTTATAGGTACAGTATTAGTAGGACCTACACCAGTCAATGTAATTGGAAGAAACTTGATGACTCAGCTTGGCTGCACTCTAAATTT#TGTACAGAAATGGAAAAGGAAGGGAAAATTTCAAAAATTGGGCCTGAAAATCCATACAATACTCCAGTATTTGCTATAAAGAAAAAAGACAGTACTAAATGGAGAAAACTAGTAGATTTCAGGGAACTTAATAAGAAAACTCAAGACTTTTGGGAAGTTCAATTAGGAATACCACATCCCGCAGGGCTAAAAAAGAAAAAATCAGTAACAGTGCTGGATGTGGGTGATGCATATTTTTCAGTTCCCTTAGATAAAGACTTCAGGAAGTATACTGCATTTACCATACCTAGTATAAACAATGAGACACCAGGGATTAGGTATCAGTACAATGTGCTTCCACAAGGATGGAAAGGATCACCAGCAATATTCCAAAATAGCATGACAAAAATCTTAGAGCCTTTTAGAAAACAAAATCCAGACCTAGTTATCTATCAATACATGGATGACTTGTATGTAGGATCTGACTTAGAAATAGGGCAGCATAGAACAAAAGTAGAGGAATTGAGACAACATCTGTTGAAGTGGGGATTTACCACACCAGACAAAAAACATCAGAAAGAACCTCCATTCCTTTGGATGGGTTATGAACTCCATCCTGATAAATGGACAGTACAGCCTATACTGCTGCCA,114,415,EC-020,918,20200801,dvwl3549
33421518,CCTCAAATCACTCTT,190,441,EC-020,15,20200801,scth7368
19827364,CCCATTAGTCCTATTGAAACTGTACCAGTAAAATTAAAGCCAGGTATGGATGGCCCAAGAGTTAAACAATGGCCATTGACAGAAGAAAAAATAAAAGCATTAATAGAAATTTGTACAGAATTGGAAGAGGCAGGGAAAATTTCAAAAATTGGGCCTGAAAATCCATACAATACTCCAGTATTTGCCATAAAGAAAAAAAACAGTACTAAATGGAGAAAATTAGTAGATTTCAGAGAACTTAATAAGAAAACTCAAGACTTCTGGGAAGTTCAATTAGGAATACCACATCCTGCAGGGTTAAAAAAGAAAAAATCAGTAACAGTACTGGATGTGGGTGATGCATATTTTTCAATTCCTCTAGATAAAGACTTCAGGAAGTATACTGCATTCACTATACCTAGTATAAACAATGAGACACCAGGAATTAGATATCAATACAATGTGCTCCCACAAGGGTGGAAAGGATCACCAGCAATATTCCAAAGCAGCATGACAAAAATCTTAGAGCCTTTTAGAAAACAAAATCCAGACCTAGTTATCTATCAATACATGGATGATTTGTATGTAGGATCTGACTTAGAAATAGGGCAGCACAGAACAAAAATAGAGGAACTGAGAGAACATCTGTGGAAGTGGGGATTTTACACACCAGACAAAAAACATCAGAAAGAACCTCCATTTCATTGGATGGGTTATGAACTCCATCCTGATAAATGGACAGTACAGCCTATAGAGCTGCCAGAAAAGGACAGCTGGACTGTCAATGACATACAGAAATTAGTGGGAAAATTAAATTGGGCAAGTCAGATTTATCCAGGGATTAAAGTAAAGCAATTATGTAAACTCCTTAGGGGAACCAAAGCGCTAACAGAAGTAATACCACTAACAGCAGAAGCAGAGCTAGAACTGGCAGAGAACAGGGAAATTCTAAAAGAACCAGTACATGGAGTGTATTATGACCCATCAAAAGAATTAATAGCAGAAATACAGAAGCAAGGGCAAGACCAATGGACATATCAAATTTATCAAGAGCCGTTTAAAAATCTGAAAACAGGAAAATATGCAAAAACGAGGGGTGTCCACACTAATGATGTAAAACAATTAACAGAGGCAGTGCAAAAAATAACCACAGAAAGCATAGTGATATGGGGAAAAATTCCCAAGTTTAGACTACCCATACAAAAAGAAACATGGGAAACATTCTTGGATGGAATAGATAAGGCCCAAGAAGAACATGAGAAATATCACAGTAACTGGAAAGCGATGGCTAGTGATTTTAACCTGCCACCTATAGTAGCAAAAGAAATAGTAGCCAGTTGTGATAAATGTCAGCTAAAAGGAGAAGCCATGCATGGACAAGTAGACTGTAGTCCAGGAATATGGCAACTAGATTGTACACATTTAGAAGGAAAGATTATCCTGGTAGCAGTTCATGTAGCCAGTGGATATATAGAAGCAGAAGTTATCCCAGCAGAGACAGGGCAGGAAACAGCATACTTCCTCTTAAAATTAGCAGGAAGATGGCCAGTAAAAACAATACATACAGACAATGGCAGCAATTTCACCAGTAATACAATGAAGGCCGCCTGTTGGTGGGCGGGAATCAAGCAGGAATTTGGCATTCCCTACAATCCTCAAAGTCAAGGAGTAGTAGAATCTATGAATAAAGAATTAAAGAAAATTATAGGACAAGTAAGAGATCAGGCTGAACATCTTAAGACAGCAGTACAAATGGCAGTATTCATCCACAATTTTAAAAGAAAAGGGGGGATTGGAGGGTACAGTGCAGGGGAAAGAATAATAGACATAATAGCAACAGACATACAAACTAAAGAACTACAAAAACAAATTACAAAAATTCAAAATTTTCGGGTTTATTACAGGGACAACAGAGATCCACTTTGGAAAGGACCAGCAAAGCTTCTCTGGAAAGGTGAAGGGGCAGTAGTAATACAAGATAACAGTGACATAAAAGTAGTGCCAAGAAGAAAAGTAAAAATTATTAGGGATTATGGAAAACAGATGGCAGGTGATGATTGTGTGGCAAGTAGACAGGATGAGGAT,456,123,EC-020,2064,20200801,abcd1234
56473819,CCTCAAATCACTCTTTGGCAACGACCCCTCGTCACAATAAAGATAGGGGGGCAACAAAAAGAAGCTCTATTAGATACAGGGGCAGATGATACAGTATTAGAAGAAATGAGTTTGTCAGGAAAATGGAAACCAAGAATGATAGGGGGAATTGGAGGTTTTATCAAAGTAAAACAGTATGATCAGATAGCTATAGAAATCTGTGGACATAAAACTATAGGTACAGTATTAATAGGACCTACACCTGTCAACATAATTGGAAGAAACCTGTTGACTCAGCTTGGTTGCACTTTAAATTTTTTTTTAGATGGAATAGATAAGGCCCAGGAAGACCATGAGAAATATCRCAGTAATTGGAGAGCAATGGCTAGTGATTTTAACCTGCCACCTGTAGTAGCAAAAGAAATAGTAGCTAGCTGTGATAAATGTCAGCTAAAAGGAGAAGCCATGCATGGACAAGTAGACTGTAGTCCAGGAATATGGCAACTAGATTGTACACATTTAGAAGGAAAAATTATCCTGGTAGCAGTTCATGTAGCCAGTGGATATATAGAAGCAGAAGTTATTCCAGCAGAGACAGGACAGGAAACAGCTTTCTTTATCTTAAAATTAGCAGGAAGATGGCCAGTAAAAACAATACATACAGACAATGGCAGTAATTTCACCAGTGCTACAGTTAAGGCCGCCTGTTGGTGGGCGGGGATCAAGCAGGAATTTGGTATTCCCTACAATCCCCAAAGTCAAGGAGTAGTAGAATCTATGAATAAAGAATTAAAGAAAATTATAGGACAGGTAAGAGATCAGGCTGAACATCTTAAGACAGCAGTACAAATGGCAGTATTCATCCACAATTTTAAAAGAAAAGGGGGGATTGGGGGGTACAGTGCAGGGGAAAGAATAATAGACATAATAGCAACAGACATACAAACTCAAGAATTACAAAAACAAATTACAAAAATTCAAAATTTTCGGGTTTATTACAGGGACAGCAGAGACCCACTTTGGAAAGGACCAGCAAAGCTCCTCTGGAAAGGTGAAGGGGCAGTAGTAATACAAGATAATAGTGACATAAAAGTAGTGCCAAGAAGAAAAGCAAAGATTATTAGGGATTATGGAAAACAGATGGCAGGTGATGAYTGTGTGGCAAGTAGACAGGATGAGGAT,789,321,EC-020,1161,20200801,zyxw9876